"","Index","player_name","ContractYear","Age","Current Year Salary","year","Rk","Player","Pos","Age","Tm","G","GS","MP","FG","FGA","FG%","3P","3PA","3P%","2P","2PA","2P%","eFG%","FT","FTA","FT%","ORB","DRB","TRB","AST","STL","BLK","TOV","PF","PTS"
"2",1,"Russell Westbrook",2018,"30",35665000,2018,"508","Russell Westbrook","PG","29","OKC","80","80","2914","757","1687",".449","97","326",".298","660","1361",".485",".477","417","566",".737","152","652","804","820","147","20","381","200","2028"
"3",2,"Stephen Curry",2017,"30",34682550,2017,"98","Stephen Curry","PG","28","GSW","79","79","2638","675","1443",".468","324","789",".411","351","654",".537",".580","325","362",".898","61","292","353","524","142","17","239","183","1999"
"4",3,"Blake Griffin",2017,"29",29512900,2017,"168","Blake Griffin","PF","27","LAC","61","61","2076","479","971",".493","38","113",".336","441","858",".514",".513","320","421",".760","112","385","497","300","57","22","142","157","1316"
"7",6,"Chris Paul",2018,"33",35654150,2018,"396","Chris Paul","PG","32","HOU","58","58","1847","367","798",".460","144","379",".380","223","419",".532",".550","203","221",".919","37","276","313","457","96","14","128","141","1081"
"10",9,"LeBron James",2018,"34",35654150,2018,"248","LeBron James","PF","33","CLE","82","82","3026","857","1580",".542","149","406",".367","708","1174",".603",".590","388","531",".731","97","612","709","747","116","71","347","136","2251"
"11",10,"Mike Conley",2016,"31",26540100,2016,"93","Mike Conley","PG","28","MEM","56","56","1761","294","696",".422","78","215",".363","216","481",".449",".478","191","229",".834","26","138","164","342","67","16","84","100","857"
"12",11,"Nikola Jokic",2018,"23",25467250,2018,"263","Nikola Jokic","C","22","DEN","75","73","2443","504","1010",".499","111","280",".396","393","730",".538",".554","266","313",".850","195","608","803","458","90","61","210","212","1385"
"13",12,"Joel Embiid",2018,"24",25467250,2018,"147","Joel Embiid","C","23","PHI","63","63","1912","510","1056",".483","66","214",".308","444","842",".527",".514","359","467",".769","143","547","690","199","40","111","234","209","1445"
"14",13,"Andrew Wiggins",2018,"23",25467250,2018,"514","Andrew Wiggins","SF","22","MIN","82","82","2979","569","1300",".438","112","338",".331","457","962",".475",".481","202","314",".643","82","276","358","160","91","51","138","163","1452"
"15",14,"Damian Lillard",2016,"28",24328425,2016,"266","Damian Lillard","PG","25","POR","75","75","2676","618","1474",".419","229","610",".375","389","864",".450",".497","414","464",".892","45","257","302","512","65","28","242","165","1879"
"16",15,"DeMar DeRozan",2016,"29",26540100,2016,"115","DeMar DeRozan","SG","26","TOR","78","78","2804","614","1377",".446","47","139",".338","567","1238",".458",".463","555","653",".850","64","285","349","315","81","21","175","167","1830"
"17",16,"Paul George",2018,"28",30560700,2018,"173","Paul George","SF","27","OKC","79","79","2891","576","1340",".430","244","609",".401","332","731",".454",".521","338","411",".822","72","375","447","263","161","39","212","233","1734"
"18",17,"Jrue Holiday",2017,"28",25686667,2017,"198","Jrue Holiday","PG","26","NOP","67","61","2190","405","893",".454","100","281",".356","305","612",".498",".510","119","168",".708","46","218","264","488","100","44","194","133","1029"
"19",18,"Gordon Hayward",2017,"28",29727900,2017,"185","Gordon Hayward","SF","26","UTA","73","73","2516","545","1156",".471","149","374",".398","396","782",".506",".536","362","429",".844","49","345","394","252","73","20","140","117","1601"
"20",19,"Anthony Davis",2016,"25",22116750,2016,"107","Anthony Davis","C","22","NOP","61","61","2164","560","1136",".493","35","108",".324","525","1028",".511",".508","326","430",".758","130","497","627","116","78","125","121","148","1481"
"21",20,"Bradley Beal",2016,"25",22116750,2016,"42","Bradley Beal","SG","22","WAS","55","35","1708","359","799",".449","105","271",".387","254","528",".481",".515","135","176",".767","41","147","188","162","54","11","112","117","958"
"22",21,"Andre Drummond",2016,"25",22116750,2016,"121","Andre Drummond","C","22","DET","81","81","2666","552","1060",".521","2","6",".333","550","1054",".522",".522","208","586",".355","395","803","1198","67","119","112","155","245","1314"
"24",23,"Nicolas Batum",2016,"30",20869566,2016,"38","Nicolas Batum","SF","27","CHO","70","70","2448","372","873",".426","139","399",".348","233","474",".492",".506","163","192",".849","55","373","428","403","65","43","205","114","1046"
"25",24,"James Harden",2016,"29",26540100,2016,"177","James Harden","SG","26","HOU","82","82","3125","710","1617",".439","236","657",".359","474","960",".494",".512","720","837",".860","63","438","501","612","139","51","374","229","2376"
"26",25,"Al Horford",2016,"32",26540100,2016,"207","Al Horford","C","29","ATL","82","82","2631","529","1048",".505","88","256",".344","441","792",".557",".547","103","129",".798","148","448","596","263","68","121","107","163","1249"
"27",26,"Marc Gasol",2015,"33",19689000,2015,"166","Marc Gasol","C","30","MEM","81","81","2687","530","1072",".494","3","17",".176","527","1055",".500",".496","350","440",".795","115","515","630","307","70","131","176","208","1413"
"28",27,"Kevin Love",2015,"30",19689000,2015,"288","Kevin Love","PF","26","CLE","75","75","2532","413","952",".434","144","392",".367","269","560",".480",".509","258","321",".804","142","589","731","168","51","39","122","140","1228"
"29",28,"CJ McCollum",2017,"27",23962573,2017,"288","CJ McCollum","SG","25","POR","80","80","2796","692","1441",".480","185","439",".421","507","1002",".506",".544","268","294",".912","60","229","289","285","72","42","172","202","1837"
"30",29,"Otto Porter",2017,"25",24773250,2017,"361","Otto Porter","SF","23","WAS","80","80","2605","414","803",".516","148","341",".434","266","462",".576",".608","99","119",".832","118","396","514","121","116","42","44","193","1075"
"31",30,"Rudy Gobert",2017,"26",21224719,2017,"155","Rudy Gobert","C","24","UTA","81","81","2744","413","625",".661","0","1",".000","413","624",".662",".661","311","476",".653","314","721","1035","97","49","214","147","246","1137"
"32",31,"Kyle Lowry",2017,"32",28903704,2017,"274","Kyle Lowry","PG","30","TOR","60","60","2244","426","918",".464","193","468",".412","233","450",".518",".569","299","365",".819","48","238","286","417","88","19","173","170","1344"
"33",32,"Steven Adams",2017,"25",22471911,2017,"3","Steven Adams","C","23","OKC","80","80","2389","374","655",".571","0","1",".000","374","654",".572",".571","157","257",".611","281","332","613","86","89","78","146","195","905"
"34",33,"Giannis Antetokounmpo",2017,"24",22471911,2017,"16","Giannis Antetokounmpo","SF","22","MIL","80","80","2845","656","1259",".521","49","180",".272","607","1079",".563",".541","471","612",".770","142","558","700","434","131","151","234","246","1832"
"35",34,"Hassan Whiteside",2016,"29",22116750,2016,"453","Hassan Whiteside","C","26","MIA","73","43","2125","413","682",".606","0","0","","413","682",".606",".606","214","329",".650","238","627","865","30","44","269","137","201","1040"
"36",35,"Harrison Barnes",2016,"26",22116750,2016,"34","Harrison Barnes","SF","23","GSW","66","59","2042","295","633",".466","82","214",".383","213","419",".508",".531","102","134",".761","77","248","325","117","41","10","57","136","774"
"37",36,"Chandler Parsons",2016,"30",22116750,2016,"345","Chandler Parsons","SF","27","DAL","61","51","1799","320","651",".492","104","251",".414","216","400",".540",".571","93","136",".684","29","256","285","169","46","21","95","114","837"
"38",37,"Kyrie Irving",2015,"26",16407500,2015,"231","Kyrie Irving","PG","22","CLE","75","75","2730","578","1235",".468","157","378",".415","421","857",".491",".532","315","365",".863","55","182","237","389","114","20","186","146","1628"
"39",38,"Kawhi Leonard",2015,"27",16407500,2015,"280","Kawhi Leonard","SF","23","SAS","64","64","2033","394","822",".479","67","192",".349","327","630",".519",".520","202","252",".802","85","376","461","161","148","48","97","128","1057"
"40",39,"Jimmy Butler",2015,"29",16407500,2015,"74","Jimmy Butler","SG","25","CHI","65","65","2513","421","912",".462","73","193",".378","348","719",".484",".502","386","463",".834","114","265","379","212","114","36","93","108","1301"
"41",40,"Clint Capela",2018,"24",15793104,2018,"85","Clint Capela","C","23","HOU","74","74","2034","441","676",".652","0","1",".000","441","675",".653",".652","144","257",".560","241","561","802","68","58","137","103","185","1026"
"42",41,"Goran Dragic",2015,"32",14783000,2015,"132","Goran Dragic","SG-PG","28","TOT","78","78","2640","502","1002",".501","90","259",".347","412","743",".555",".546","181","234",".774","81","193","274","350","78","15","173","195","1275"
"43",42,"Evan Fournier",2016,"26",1.7e+07,2016,"141","Evan Fournier","SF","23","ORL","79","71","2566","429","929",".462","156","390",".400","273","539",".506",".546","199","238",".836","33","192","225","213","96","2","133","214","1213"
"44",43,"Victor Oladipo",2017,"26",2.1e+07,2017,"339","Victor Oladipo","SG","24","OKC","67","67","2222","412","932",".442","127","352",".361","285","580",".491",".510","116","154",".753","39","252","291","176","78","21","119","155","1067"
"45",44,"John Wall",2014,"28",13701250,2014,"453","John Wall","PG","23","WAS","82","82","2980","579","1337",".433","108","308",".351","471","1029",".458",".473","317","394",".805","38","295","333","721","149","40","295","219","1583"
"46",45,"LaMarcus Aldridge",2015,"33",19689000,2015,"9","LaMarcus Aldridge","PF","29","POR","71","71","2512","659","1415",".466","37","105",".352","622","1310",".475",".479","306","362",".845","177","549","726","124","48","68","122","125","1661"
"47",46,"Gary Harris",2018,"24",16517857,2018,"198","Gary Harris","SG","23","DEN","67","65","2304","440","908",".485","156","394",".396","284","514",".553",".570","134","162",".827","37","139","176","194","122","15","119","119","1170"
"48",47,"Tristan Thompson",2015,"27",14260000,2015,"443","Tristan Thompson","PF","23","CLE","82","15","2194","267","488",".547","0","0","","267","488",".547",".547","159","248",".641","274","383","657","39","34","61","83","189","693"
"49",48,"Draymond Green",2015,"28",14260870,2015,"184","Draymond Green","PF","24","GSW","79","79","2490","339","765",".443","111","329",".337","228","436",".523",".516","132","200",".660","114","533","647","291","123","99","133","253","921"
"51",50,"Ryan Anderson",2016,"30",18735364,2016,"18","Ryan Anderson","PF","27","NOP","66","7","2008","397","929",".427","131","358",".366","266","571",".466",".498","199","228",".873","131","265","396","73","38","25","90","109","1124"
"52",51,"Reggie Jackson",2015,"28",13913044,2015,"233","Reggie Jackson","PG","24","TOT","77","40","2268","432","996",".434","72","241",".299","360","755",".477",".470","181","218",".830","56","271","327","462","62","9","186","167","1117"
"53",52,"Aaron Gordon",2018,"23",21590909,2018,"179","Aaron Gordon","PF","22","ORL","58","57","1909","375","865",".434","115","342",".336","260","523",".497",".500","157","225",".698","87","370","457","136","59","45","107","111","1022"
"54",53,"Zach LaVine",2018,"23",19500000,2018,"286","Zach LaVine","SG","22","CHI","24","24","656","136","355",".383","42","123",".341","94","232",".405",".442","87","107",".813","9","85","94","72","24","4","43","55","401"
"55",54,"Allen Crabbe",2016,"26",18500000,2016,"99","Allen Crabbe","SG","23","POR","81","8","2105","311","678",".459","112","285",".393","199","393",".506",".541","98","113",".867","27","189","216","99","63","16","64","192","832"
"56",55,"Bismack Biyombo",2016,"26",1.7e+07,2016,"47","Bismack Biyombo","C","23","TOR","82","22","1808","156","288",".542","0","1",".000","156","287",".544",".542","142","226",".628","182","473","655","29","19","133","71","225","454"
"57",56,"Tim Hardaway",2017,"26",16500000,2017,"171","Tim Hardaway","SG","24","ATL","79","30","2154","415","912",".455","149","417",".357","266","495",".537",".537","164","214",".766","35","189","224","182","55","15","106","103","1143"
"58",57,"Wesley Matthews",2015,"32",16407500,2015,"300","Wesley Matthews","SG","28","POR","60","60","2024","337","752",".448","173","445",".389","164","307",".534",".563","109","145",".752","38","184","222","139","77","10","81","132","956"
"59",58,"Enes Kanter",2015,"26",16407500,2015,"258","Enes Kanter","C","22","TOT","75","74","2135","482","928",".519","16","45",".356","466","883",".528",".528","183","234",".782","277","394","671","55","36","29","145","189","1163"
"60",59,"Evan Turner",2016,"30",16393443,2016,"432","Evan Turner","SG","27","BOS","81","12","2271","343","753",".456","20","83",".241","323","670",".482",".469","148","179",".827","50","347","397","359","80","28","169","139","854"
"61",60,"Eric Bledsoe",2014,"29",1.3e+07,2014,"53","Eric Bledsoe","PG","24","PHO","43","40","1416","265","556",".477","50","140",".357","215","416",".517",".522","183","237",".772","27","175","202","235","69","14","143","99","763"
"62",61,"Brandon Knight",2015,"27",13500000,2015,"265","Brandon Knight","PG-SG","23","TOT","63","61","2035","375","888",".422","125","321",".389","250","567",".441",".493","195","223",".874","28","216","244","330","90","10","189","114","1070"
"63",62,"Khris Middleton",2015,"27",14700000,2015,"316","Khris Middleton","SF","23","MIL","79","58","2378","406","869",".467","109","268",".407","297","601",".494",".530","134","156",".859","48","299","347","182","122","11","113","183","1055"
"64",63,"Kent Bazemore",2016,"29",15730337,2016,"41","Kent Bazemore","SF","26","ATL","75","68","2083","320","725",".441","109","305",".357","211","420",".502",".517","123","151",".815","28","351","379","171","98","38","138","176","872"
"65",64,"Dennis Schroder",2017,"25",15500000,2017,"394","Dennis Schroder","PG","23","ATL","79","78","2485","548","1214",".451","100","294",".340","448","920",".487",".493","218","255",".855","42","206","248","499","74","16","258","149","1414"
"66",65,"Klay Thompson",2015,"28",15501000,2015,"442","Klay Thompson","SG","24","GSW","77","77","2455","602","1299",".463","239","545",".439","363","754",".481",".555","225","256",".879","27","220","247","222","87","60","149","122","1668"
"67",66,"Serge Ibaka",2017,"29",20061729,2017,"210","Serge Ibaka","PF","27","TOT","79","79","2422","471","982",".480","124","317",".391","347","665",".522",".543","107","125",".856","129","409","538","75","41","124","105","215","1173"
"68",67,"Danilo Gallinari",2017,"30",20559599,2017,"142","Danilo Gallinari","SF","28","DEN","63","63","2134","335","750",".447","126","324",".389","209","426",".491",".531","349","387",".902","39","286","325","135","40","15","82","93","1145"
"69",68,"Ian Mahinmi",2016,"32",1.6e+07,2016,"276","Ian Mahinmi","C","29","IND","71","71","1816","264","448",".589","0","0","","264","448",".589",".589","132","225",".587","138","369","507","104","65","75","100","220","660"
"70",69,"Timofey Mozgov",2016,"32",1.6e+07,2016,"317","Timofey Mozgov","C","29","CLE","76","48","1326","203","359",".565","1","7",".143","202","352",".574",".567","68","95",".716","110","227","337","33","22","57","71","159","475"
"71",70,"Jonas Valanciunas",2016,"26",14382023,2016,"435","Jonas Valanciunas","C","23","TOR","60","59","1557","303","536",".565","0","0","","303","536",".565",".565","162","213",".761","184","363","547","42","25","80","85","158","768"
"72",71,"Tobias Harris",2015,"26",1.6e+07,2015,"202","Tobias Harris","SF","22","ORL","68","63","2369","442","949",".466","87","239",".364","355","710",".500",".512","193","245",".788","73","357","430","124","69","36","115","134","1164"
"73",72,"Gorgui Dieng",2017,"29",14112360,2017,"111","Gorgui Dieng","PF","27","MIN","82","82","2653","332","661",".502","16","43",".372","316","618",".511",".514","136","167",".814","188","459","647","158","88","95","107","254","816"
"74",73,"Kevin Durant",2018,"30",3e+07,2018,"143","Kevin Durant","PF","29","GSW","68","68","2325","630","1222",".516","173","413",".419","457","809",".565",".586","359","404",".889","31","433","464","366","50","119","207","133","1792"
"75",74,"Paul Millsap",2017,"33",30769231,2017,"306","Paul Millsap","PF","31","ATL","69","67","2343","430","972",".442","75","241",".311","355","731",".486",".481","311","405",".768","111","422","533","252","90","62","158","186","1246"
"76",75,"Marcin Gortat",2014,"34",10434782,2014,"172","Marcin Gortat","C","29","WAS","81","80","2655","455","840",".542","1","1","1.000","454","839",".541",".542","157","229",".686","202","565","767","138","41","121","126","201","1068"
"77",76,"DeMarre Carroll",2015,"32",13600000,2015,"84","DeMarre Carroll","SF","28","ATL","70","69","2189","318","653",".487","120","304",".395","198","349",".567",".579","127","181",".702","99","273","372","118","94","17","75","154","883"
"78",77,"JR Smith",2016,"33",12800000,2016,"402","JR Smith","SG","30","CLE","77","77","2362","353","850",".415","204","510",".400","149","340",".438",".535","45","71",".634","43","174","217","130","81","21","59","204","955"
"79",78,"George Hill",2017,"32",2e+07,2017,"194","George Hill","PG","30","UTA","49","49","1544","289","606",".477","94","233",".403","195","373",".523",".554","157","196",".801","23","144","167","204","50","11","85","114","829"
"80",79,"Jeff Teague",2017,"30",1.9e+07,2017,"420","Jeff Teague","PG","28","IND","82","82","2657","402","909",".442","90","252",".357","312","657",".475",".492","360","415",".867","33","297","330","639","100","32","216","165","1254"
"81",80,"Cody Zeller",2017,"26",12584270,2017,"482","Cody Zeller","C","24","CHO","62","58","1725","253","443",".571","0","1",".000","253","442",".572",".571","133","196",".679","135","270","405","99","62","58","65","189","639"
"82",81,"Ricky Rubio",2015,"28",12700000,2015,"394","Ricky Rubio","PG","24","MIN","22","22","692","78","219",".356","13","51",".255","65","168",".387",".386","57","71",".803","19","106","125","193","38","1","64","59","226"
"83",82,"Marvin Williams",2016,"32",12250000,2016,"462","Marvin Williams","PF","29","CHO","81","81","2338","338","747",".452","152","378",".402","186","369",".504",".554","120","144",".833","127","394","521","110","58","77","62","133","948"
"84",83,"Robin Lopez",2015,"30",12650000,2015,"287","Robin Lopez","C","26","POR","59","59","1638","234","437",".535","0","1",".000","234","436",".537",".535","98","127",".772","190","204","394","55","16","84","73","122","566"
"85",84,"Thaddeus Young",2015,"30",11235955,2015,"490","Thaddeus Young","PF","26","TOT","76","68","2434","451","968",".466","38","115",".330","413","853",".484",".486","131","200",".655","127","284","411","173","124","25","117","171","1071"
"86",85,"Will Barton",2018,"28",11830358,2018,"32","Will Barton","SG","27","DEN","81","40","2683","465","1028",".452","156","422",".370","309","606",".510",".528","182","226",".805","70","339","409","331","82","52","149","168","1268"
"87",86,"Nikola Vucevic",2015,"28",11250000,2015,"457","Nikola Vucevic","C","24","ORL","74","74","2529","631","1206",".523","2","6",".333","629","1200",".524",".524","164","218",".752","238","572","810","147","54","54","148","220","1428"
"88",87,"Eric Gordon",2016,"30",12385665,2016,"160","Eric Gordon","SG","27","NOP","45","44","1481","231","552",".418","113","294",".384","118","258",".457",".521","111","125",".888","10","89","99","121","43","14","73","98","686"
"89",88,"Michael Kidd-Gilchrist",2016,"25",1.3e+07,2016,"249","Michael Kidd-Gilchrist","SF","22","CHO","7","7","205","33","61",".541","3","7",".429","30","54",".556",".566","20","29",".690","12","33","45","9","3","3","8","9","89"
"90",89,"Dion Waiters",2017,"27",12100000,2017,"450","Dion Waiters","SG","25","MIA","46","43","1384","281","663",".424","85","215",".395","196","448",".438",".488","82","127",".646","18","135","153","200","42","20","103","95","729"
"91",90,"Joe Ingles",2017,"31",13636364,2017,"213","Joe Ingles","SF","29","UTA","82","26","1972","204","451",".452","123","279",".441","81","172",".471",".589","50","68",".735","23","238","261","225","96","8","107","163","581"
"92",91,"Marcus Smart",2018,"24",11160716,2018,"454","Marcus Smart","SG","23","BOS","54","11","1614","189","515",".367","75","249",".301","114","266",".429",".440","97","133",".729","43","146","189","259","71","23","129","133","550"
"93",92,"Miles Plumlee",2016,"30",12400000,2016,"357","Miles Plumlee","C","27","MIL","61","14","870","140","233",".601","0","0","","140","233",".601",".601","34","59",".576","94","138","232","16","21","50","40","73","314"
"94",93,"Kelly Olynyk",2017,"27",12007169,2017,"340","Kelly Olynyk","C","25","BOS","75","6","1538","260","508",".512","68","192",".354","192","316",".608",".579","90","123",".732","73","288","361","148","43","29","96","207","678"
"95",94,"Jordan Clarkson",2016,"26",12500000,2016,"89","Jordan Clarkson","SG","23","LAL","79","79","2552","475","1098",".433","111","320",".347","364","778",".468",".483","164","204",".804","93","220","313","192","88","7","135","168","1225"
"96",95,"Tyler Johnson",2016,"25",5628000,2016,"234","Tyler Johnson","SG","23","MIA","36","5","863","118","243",".486","27","71",".380","91","172",".529",".541","51","64",".797","28","81","109","79","24","14","47","66","314"
"98",97,"Patty Mills",2017,"30",10714286,2017,"304","Patty Mills","PG","28","SAS","80","8","1754","273","621",".440","147","355",".414","126","266",".474",".558","66","80",".825","24","117","141","280","65","3","101","109","759"
"99",98,"Courtney Lee",2016,"33",11242000,2016,"260","Courtney Lee","SG","30","TOT","79","65","2334","290","639",".454","82","217",".378","208","422",".493",".518","99","118",".839","29","176","205","136","85","28","72","134","761"
"100",99,"Jusuf Nurkic",2018,"24",11111111,2018,"374","Jusuf Nurkic","C","23","POR","79","79","2088","480","951",".505","0","7",".000","480","944",".508",".505","172","273",".630","189","519","708","143","64","111","183","247","1132"
"101",100,"Pau Gasol",2017,"38",1.6e+07,2017,"146","Pau Gasol","C","36","SAS","64","39","1627","303","604",".502","56","104",".538","247","500",".494",".548","130","184",".707","107","394","501","150","24","70","81","110","792"
"102",101,"Andre Iguodala",2017,"34",14814815,2017,"211","Andre Iguodala","SF","33","GSW","76","0","1998","219","415",".528","64","177",".362","155","238",".651",".605","72","102",".706","51","253","304","261","76","39","58","97","574"
"103",102,"Kemba Walker",2015,"28",1.2e+07,2015,"461","Kemba Walker","PG","24","CHO","62","58","2119","378","981",".385","85","280",".304","293","701",".418",".429","234","283",".827","35","185","220","318","89","31","100","92","1075"
"104",103,"John Henson",2016,"28",12267606,2016,"191","John Henson","C","25","MIL","57","1","960","164","291",".564","0","1",".000","164","290",".566",".564","69","117",".590","87","134","221","54","18","109","64","131","397"
"105",104,"Solomon Hill",2016,"27",11709603,2016,"198","Solomon Hill","SF","24","IND","59","3","866","93","208",".447","24","74",".324","69","134",".515",".505","36","42",".857","39","127","166","57","37","11","33","68","246"
"106",105,"TJ Warren",2018,"25",11750000,2018,"503","TJ Warren","SF","24","PHO","65","65","2142","529","1063",".498","20","90",".222","509","973",".523",".507","193","255",".757","125","208","333","85","65","41","85","149","1271"
"107",106,"Robert Covington",2018,"28",10464092,2018,"113","Robert Covington","SF","27","PHI","80","80","2532","345","836",".413","203","550",".369","142","286",".497",".534","116","136",".853","55","378","433","156","137","72","126","238","1009"
"108",107,"Wilson Chandler",2015,"31",10449438,2015,"90","Wilson Chandler","SF","27","DEN","78","75","2471","418","975",".429","139","406",".342","279","569",".490",".500","110","142",".775","96","379","475","134","58","29","110","231","1085"
"109",108,"Tony Snell",2017,"27",9821429,2017,"409","Tony Snell","SG","25","MIL","80","80","2336","246","541",".455","144","355",".406","102","186",".548",".588","47","58",".810","22","226","248","96","55","14","55","125","683"
"111",110,"James Johnson",2017,"31",13734000,2017,"228","James Johnson","PF","29","MIA","76","5","2085","368","769",".479","87","256",".340","281","513",".548",".535","152","215",".707","66","310","376","276","76","86","171","197","975"
"112",111,"Maurice Harkless",2016,"25",8988764,2016,"178","Maurice Harkless","SF","22","POR","78","14","1457","195","411",".474","39","140",".279","156","271",".576",".522","69","111",".622","101","179","280","67","49","35","62","124","498"
"113",112,"Alec Burks",2015,"27",9213484,2015,"72","Alec Burks","SG","23","UTA","27","27","899","121","300",".403","26","68",".382","95","232",".409",".447","106","129",".822","19","95","114","82","17","5","52","64","374"
"114",113,"Jon Leuer",2016,"29",10991957,2016,"265","Jon Leuer","PF","26","PHO","67","27","1255","224","466",".481","42","110",".382","182","356",".511",".526","77","101",".762","76","297","373","72","38","30","75","125","567"
"115",114,"Norman Powell",2018,"25",9367200,2018,"413","Norman Powell","SG","24","TOR","70","18","1062","150","374",".401","53","186",".285","97","188",".516",".472","32","39",".821","14","105","119","89","37","16","66","111","385"
"116",115,"Josh Richardson",2018,"25",9367200,2018,"426","Josh Richardson","SF","24","MIA","81","81","2689","399","885",".451","127","336",".378","272","549",".495",".523","120","142",".845","69","216","285","231","121","75","140","199","1045"
"117",116,"Meyers Leonard",2016,"26",9213484,2016,"264","Meyers Leonard","PF","23","POR","61","10","1333","195","435",".448","86","228",".377","109","207",".527",".547","35","46",".761","51","263","314","92","8","18","77","183","511"
"118",117,"Mason Plumlee",2017,"28",14041096,2017,"358","Mason Plumlee","C","26","TOT","81","64","2148","334","623",".536","0","6",".000","334","617",".541",".536","174","300",".580","170","435","605","284","69","92","134","226","842"
"119",118,"Danny Green",2015,"31",1e+07,2015,"183","Danny Green","SG","27","SAS","81","80","2312","322","738",".436","191","457",".418","131","281",".466",".566","111","127",".874","54","289","343","158","101","87","93","163","946"
"120",119,"Iman Shumpert",2015,"28",8988765,2015,"407","Iman Shumpert","SG","24","TOT","62","25","1545","193","471",".410","67","196",".342","126","275",".458",".481","43","64",".672","55","169","224","135","81","16","91","138","496"
"121",120,"Matthew Dellavedova",2016,"28",9607500,2016,"113","Matthew Dellavedova","PG","25","CLE","76","14","1867","207","511",".405","98","239",".410","109","272",".401",".501","57","66",".864","33","129","162","337","44","9","116","178","569"
"122",121,"Jeremy Lin",2016,"30",11483254,2016,"267","Jeremy Lin","SG","27","CHO","78","13","2048","300","728",".412","76","226",".336","224","502",".446",".464","238","292",".815","42","211","253","235","58","42","150","165","914"
"123",122,"Derrick Favors",2018,"27",16900000,2018,"155","Derrick Favors","C","26","UTA","77","77","2153","395","702",".563","14","63",".222","381","639",".596",".573","140","215",".651","198","354","552","102","54","82","88","164","944"
"124",123,"Dwight Powell",2016,"27",8375000,2016,"361","Dwight Powell","PF","24","DAL","69","2","992","146","296",".493","2","16",".125","144","280",".514",".497","105","142",".739","84","189","273","44","36","24","40","118","399"
"125",124,"Kyle Anderson",2018,"25",8641000,2018,"13","Kyle Anderson","SF","24","SAS","74","67","1978","231","438",".527","19","57",".333","212","381",".556",".549","104","146",".712","84","312","396","202","115","60","94","114","585"
"126",125,"Jae Crowder",2015,"28",6796117,2015,"108","Jae Crowder","SF","24","TOT","82","17","1647","229","545",".420","61","208",".293","168","337",".499",".476","109","141",".773","72","221","293","94","72","25","49","137","628"
"128",127,"ETwaun Moore",2016,"29",8801363,2016,"311","ETwaun Moore","SG","26","CHI","59","22","1263","187","389",".481","47","104",".452","140","285",".491",".541","22","35",".629","19","114","133","99","37","18","53","103","443"
"129",128,"Dante Exum",2018,"23",10600000,2018,"153","Dante Exum","PG","22","UTA","14","0","235","42","87",".483","5","18",".278","37","69",".536",".511","25","31",".806","4","22","26","43","8","3","20","20","114"
"130",129,"Kosta Koufos",2015,"29",7700000,2015,"267","Kosta Koufos","C","25","MEM","81","3","1348","182","358",".508","0","0","","182","358",".508",".508","55","85",".647","121","305","426","37","29","63","69","148","419"
"131",130,"Markieff Morris",2015,"29",8e+06,2015,"332","Markieff Morris","PF","25","PHO","82","82","2581","512","1100",".465","57","179",".318","455","921",".494",".491","177","232",".763","110","396","506","192","101","39","170","245","1258"
"132",131,"Cristiano Felicio",2017,"26",7843500,2017,"133","Cristiano Felicio","C","24","CHI","66","0","1040","128","221",".579","0","0","","128","221",".579",".579","60","93",".645","124","187","311","40","25","17","33","110","316"
"133",132,"PJ Tucker",2017,"33",7590035,2017,"434","PJ Tucker","SF","31","TOT","81","21","2236","199","482",".413","70","196",".357","129","286",".451",".485","72","93",".774","117","354","471","99","116","19","66","196","540"
"134",133,"Terrence Ross",2016,"27",1e+07,2016,"380","Terrence Ross","SF","24","TOR","73","7","1747","270","626",".431","131","339",".386","139","287",".484",".536","49","62",".790","21","164","185","56","54","25","46","120","720"
"135",134,"Jared Dudley",2016,"33",10470000,2016,"122","Jared Dudley","PF","30","WAS","81","41","2098","233","487",".478","100","238",".420","133","249",".534",".581","72","98",".735","54","232","286","170","75","18","80","190","638"
"136",135,"Al-Farouq Aminu",2015,"28",8042895,2015,"12","Al-Farouq Aminu","SF","24","DAL","74","3","1366","147","357",".412","34","124",".274","113","233",".485",".459","84","118",".712","114","228","342","59","70","62","55","137","412"
"137",136,"Andre Roberson",2017,"27",9259260,2017,"377","Andre Roberson","SF","25","OKC","79","79","2376","215","463",".464","45","184",".245","170","279",".609",".513","47","111",".423","98","305","403","79","94","79","51","204","522"
"138",137,"Cory Joseph",2015,"27",7e+06,2015,"256","Cory Joseph","PG","23","SAS","79","14","1444","207","411",".504","16","44",".364","191","367",".520",".523","105","143",".734","44","148","192","188","46","17","67","105","535"
"139",138,"DJ Augustin",2016,"31",7250000,2016,"27","DJ Augustin","PG","28","TOT","62","0","1178","148","350",".423","68","168",".405","80","182",".440",".520","103","128",".805","8","87","95","198","38","4","84","85","467"
"140",139,"Taj Gibson",2017,"33",1.4e+07,2017,"153","Taj Gibson","PF","31","TOT","78","71","1989","365","709",".515","3","13",".231","362","696",".520",".517","113","158",".715","158","327","485","73","41","65","105","163","846"
"141",140,"Lance Thomas",2016,"30",6191000,2016,"422","Lance Thomas","PF","27","NYK","59","5","1313","169","382",".442","44","109",".404","125","273",".458",".500","102","119",".857","34","97","131","53","22","7","57","109","484"
"142",141,"Jerami Grant",2018,"24",8333333,2018,"183","Jerami Grant","PF","23","OKC","81","1","1647","244","456",".535","32","110",".291","212","346",".613",".570","162","240",".675","86","233","319","57","31","77","54","155","682"
"143",142,"Jerryd Bayless",2016,"30",9424084,2016,"39","Jerryd Bayless","SG","27","MIL","52","18","1505","185","437",".423","101","231",".437","84","206",".408",".539","70","90",".778","21","120","141","163","47","11","73","111","541"
"144",143,"Bogdan Bogdanovic",2018,"26",9470614,2018,"54","Bogdan Bogdanovic","SG","25","SAC","78","53","2175","344","772",".446","129","329",".392","215","443",".485",".529","100","119",".840","31","192","223","258","72","16","125","172","917"
"145",144,"Ben Simmons",2018,"22",5903160,2018,"450","Ben Simmons","PG","21","PHI","81","81","2732","544","998",".545","0","11",".000","544","987",".551",".545","191","341",".560","145","514","659","661","140","70","278","211","1279"
"147",146,"Karl-Anthony Towns",2018,"23",5703600,2018,"483","Karl-Anthony Towns","C","22","MIN","82","82","2918","639","1172",".545","120","285",".421","519","887",".585",".596","345","402",".858","238","774","1012","199","64","115","159","285","1743"
"148",147,"Markelle Fultz",2018,"20",7026240,2018,"167","Markelle Fultz","SG","19","PHI","14","0","253","45","111",".405","0","1",".000","45","110",".409",".405","10","21",".476","11","32","43","53","12","4","17","22","100"
"149",148,"CJ Miles",2017,"31",7936509,2017,"302","CJ Miles","SF","29","IND","76","29","1776","281","647",".434","169","409",".413","112","238",".471",".565","84","93",".903","30","199","229","48","46","25","40","151","815"
"150",149,"Avery Bradley",2018,"28",1.2e+07,2018,"61","Avery Bradley","SG","27","TOT","46","46","1433","259","625",".414","75","203",".369","184","422",".436",".474","63","82",".768","22","94","116","94","51","8","101","92","656"
"151",150,"Zach Randolph",2017,"37",12307692,2017,"371","Zach Randolph","PF","35","MEM","73","5","1786","433","964",".449","21","94",".223","412","870",".474",".460","141","193",".731","182","416","598","122","38","10","99","136","1028"
"152",151,"Garrett Temple",2016,"32",8e+06,2016,"419","Garrett Temple","SF","29","WAS","80","43","1951","201","505",".398","89","258",".345","112","247",".453",".486","91","125",".728","36","176","212","140","69","18","64","195","582"
"153",152,"Lou Williams",2018,"32",8e+06,2018,"520","Lou Williams","SG","31","LAC","79","19","2589","582","1337",".435","186","518",".359","396","819",".484",".505","432","491",".880","40","158","198","417","85","19","234","106","1782"
"154",153,"Brandon Ingram",2018,"21",5281680,2018,"238","Brandon Ingram","SF","20","LAL","59","59","1975","358","761",".470","41","105",".390","317","656",".483",".497","192","282",".681","57","257","314","230","45","43","149","163","949"
"155",154,"Shaun Livingston",2017,"33",7692308,2017,"268","Shaun Livingston","PG","31","GSW","76","3","1345","173","316",".547","1","3",".333","172","313",".550",".549","42","60",".700","28","123","151","139","38","20","62","120","389"
"156",155,"Patrick Beverley",2015,"30",6486486,2015,"46","Patrick Beverley","PG","26","HOU","56","55","1727","204","532",".383","115","323",".356","89","209",".426",".492","45","60",".750","67","170","237","192","59","23","83","182","568"
"157",156,"DAngelo Russell",2015,"22",5103120,0,"0","0","0","0","0","0","0","0","0","0","0","0","0","0","0","0","0","0","0","0","0","0","0","0","0","0","0","0","0","0"
"158",157,"DeAndre Jordan",2018,"30",22897200,0,"0","0","0","0","0","0","0","0","0","0","0","0","0","0","0","0","0","0","0","0","0","0","0","0","0","0","0","0","0","0"
"159",158,"Lonzo Ball",2017,"21",6286560,0,"0","0","0","0","0","0","0","0","0","0","0","0","0","0","0","0","0","0","0","0","0","0","0","0","0","0","0","0","0","0"
"160",159,"Kyle Korver",2017,"37",7e+06,0,"0","0","0","0","0","0","0","0","0","0","0","0","0","0","0","0","0","0","0","0","0","0","0","0","0","0","0","0","0","0"
"161",160,"Doug McDermott",2018,"27",7333334,0,"0","0","0","0","0","0","0","0","0","0","0","0","0","0","0","0","0","0","0","0","0","0","0","0","0","0","0","0","0","0"
"162",161,"Jaylen Brown",2016,"22",4743000,0,"0","0","0","0","0","0","0","0","0","0","0","0","0","0","0","0","0","0","0","0","0","0","0","0","0","0","0","0","0","0"
"163",162,"Ersan Ilyasova",2018,"31",7e+06,0,"0","0","0","0","0","0","0","0","0","0","0","0","0","0","0","0","0","0","0","0","0","0","0","0","0","0","0","0","0","0"
"164",163,"Bojan Bogdanovic",2017,"29",10500000,0,"0","0","0","0","0","0","0","0","0","0","0","0","0","0","0","0","0","0","0","0","0","0","0","0","0","0","0","0","0","0"
"165",164,"Jeremy Lamb",2016,"26",7e+06,0,"0","0","0","0","0","0","0","0","0","0","0","0","0","0","0","0","0","0","0","0","0","0","0","0","0","0","0","0","0","0"
"166",165,"Langston Galloway",2017,"27",6666667,0,"0","0","0","0","0","0","0","0","0","0","0","0","0","0","0","0","0","0","0","0","0","0","0","0","0","0","0","0","0","0"
"167",166,"Boban Marjanovic",2016,"30",5628000,0,"0","0","0","0","0","0","0","0","0","0","0","0","0","0","0","0","0","0","0","0","0","0","0","0","0","0","0","0","0","0"
"168",167,"Nemanja Bjelica",2018,"30",6500000,0,"0","0","0","0","0","0","0","0","0","0","0","0","0","0","0","0","0","0","0","0","0","0","0","0","0","0","0","0","0","0"
"169",168,"Jayson Tatum",2017,"20",5645400,0,"0","0","0","0","0","0","0","0","0","0","0","0","0","0","0","0","0","0","0","0","0","0","0","0","0","0","0","0","0","0"
"170",169,"Darren Collison",2017,"31",1e+07,0,"0","0","0","0","0","0","0","0","0","0","0","0","0","0","0","0","0","0","0","0","0","0","0","0","0","0","0","0","0","0"
"171",170,"Marcus Morris",2015,"29",5e+06,0,"0","0","0","0","0","0","0","0","0","0","0","0","0","0","0","0","0","0","0","0","0","0","0","0","0","0","0","0","0","0"
"172",171,"Jonathon Simmons",2017,"29",6300000,0,"0","0","0","0","0","0","0","0","0","0","0","0","0","0","0","0","0","0","0","0","0","0","0","0","0","0","0","0","0","0"
"173",172,"Jabari Parker",2018,"23",2e+07,0,"0","0","0","0","0","0","0","0","0","0","0","0","0","0","0","0","0","0","0","0","0","0","0","0","0","0","0","0","0","0"
"174",173,"Kristaps Porzingis",2015,"23",4131720,0,"0","0","0","0","0","0","0","0","0","0","0","0","0","0","0","0","0","0","0","0","0","0","0","0","0","0","0","0","0","0"
"175",174,"Fred VanVleet",2018,"24",8653847,0,"0","0","0","0","0","0","0","0","0","0","0","0","0","0","0","0","0","0","0","0","0","0","0","0","0","0","0","0","0","0"
"176",175,"Ishmael Smith",2016,"30",6e+06,0,"0","0","0","0","0","0","0","0","0","0","0","0","0","0","0","0","0","0","0","0","0","0","0","0","0","0","0","0","0","0"
"177",176,"Deandre Ayton",2018,"20",8175840,0,"0","0","0","0","0","0","0","0","0","0","0","0","0","0","0","0","0","0","0","0","0","0","0","0","0","0","0","0","0","0"
"178",177,"Julius Randle",2018,"24",8641000,0,"0","0","0","0","0","0","0","0","0","0","0","0","0","0","0","0","0","0","0","0","0","0","0","0","0","0","0","0","0","0"
"179",178,"Wesley Johnson",2016,"31",5628000,0,"0","0","0","0","0","0","0","0","0","0","0","0","0","0","0","0","0","0","0","0","0","0","0","0","0","0","0","0","0","0"
"180",179,"Alex Abrines",2016,"26",5994764,0,"0","0","0","0","0","0","0","0","0","0","0","0","0","0","0","0","0","0","0","0","0","0","0","0","0","0","0","0","0","0"
"181",180,"De'Aaron Fox",2017,"21",4609200,0,"0","0","0","0","0","0","0","0","0","0","0","0","0","0","0","0","0","0","0","0","0","0","0","0","0","0","0","0","0","0"
"182",181,"Patrick Patterson",2017,"29",5192000,0,"0","0","0","0","0","0","0","0","0","0","0","0","0","0","0","0","0","0","0","0","0","0","0","0","0","0","0","0","0","0"
"183",182,"JaMychal Green",2017,"28",8533333,0,"0","0","0","0","0","0","0","0","0","0","0","0","0","0","0","0","0","0","0","0","0","0","0","0","0","0","0","0","0","0"
"184",183,"Jose Barea",2015,"34",4290000,0,"0","0","0","0","0","0","0","0","0","0","0","0","0","0","0","0","0","0","0","0","0","0","0","0","0","0","0","0","0","0"
"185",184,"Joe Harris",2018,"27",8333333,0,"0","0","0","0","0","0","0","0","0","0","0","0","0","0","0","0","0","0","0","0","0","0","0","0","0","0","0","0","0","0"
"186",185,"Buddy Hield",2016,"25",3517200,0,"0","0","0","0","0","0","0","0","0","0","0","0","0","0","0","0","0","0","0","0","0","0","0","0","0","0","0","0","0","0"
"187",186,"Marvin Bagley III",2018,"19",7314960,0,"0","0","0","0","0","0","0","0","0","0","0","0","0","0","0","0","0","0","0","0","0","0","0","0","0","0","0","0","0","0"
"188",187,"Jason Smith",2016,"32",5e+06,0,"0","0","0","0","0","0","0","0","0","0","0","0","0","0","0","0","0","0","0","0","0","0","0","0","0","0","0","0","0","0"
"189",188,"Willie Cauley-Stein",2015,"25",3398280,0,"0","0","0","0","0","0","0","0","0","0","0","0","0","0","0","0","0","0","0","0","0","0","0","0","0","0","0","0","0","0"
"190",189,"Nikola Mirotic",2017,"27",12500000,0,"0","0","0","0","0","0","0","0","0","0","0","0","0","0","0","0","0","0","0","0","0","0","0","0","0","0","0","0","0","0"
"191",190,"Trevor Ariza",2018,"33",1.5e+07,0,"0","0","0","0","0","0","0","0","0","0","0","0","0","0","0","0","0","0","0","0","0","0","0","0","0","0","0","0","0","0"
"192",191,"Jonathan Isaac",2017,"21",4186320,0,"0","0","0","0","0","0","0","0","0","0","0","0","0","0","0","0","0","0","0","0","0","0","0","0","0","0","0","0","0","0"
"193",192,"Jamal Murray",2016,"21",3210840,0,"0","0","0","0","0","0","0","0","0","0","0","0","0","0","0","0","0","0","0","0","0","0","0","0","0","0","0","0","0","0"
"194",193,"Davis Bertans",2018,"26",7e+06,0,"0","0","0","0","0","0","0","0","0","0","0","0","0","0","0","0","0","0","0","0","0","0","0","0","0","0","0","0","0","0"
"195",194,"Luka Doncic",2018,"19",6569040,0,"0","0","0","0","0","0","0","0","0","0","0","0","0","0","0","0","0","0","0","0","0","0","0","0","0","0","0","0","0","0"
"196",195,"Dewayne Dedmon",2017,"29",6900000,0,"0","0","0","0","0","0","0","0","0","0","0","0","0","0","0","0","0","0","0","0","0","0","0","0","0","0","0","0","0","0"
"197",196,"Emmanuel Mudiay",2015,"22",3102240,0,"0","0","0","0","0","0","0","0","0","0","0","0","0","0","0","0","0","0","0","0","0","0","0","0","0","0","0","0","0","0"
"198",197,"Dragan Bender",2016,"21",4276320,0,"0","0","0","0","0","0","0","0","0","0","0","0","0","0","0","0","0","0","0","0","0","0","0","0","0","0","0","0","0","0"
"199",198,"Stanley Johnson",2015,"22",2841960,0,"0","0","0","0","0","0","0","0","0","0","0","0","0","0","0","0","0","0","0","0","0","0","0","0","0","0","0","0","0","0"
"200",199,"Jaren Jackson",2018,"19",5922720,0,"0","0","0","0","0","0","0","0","0","0","0","0","0","0","0","0","0","0","0","0","0","0","0","0","0","0","0","0","0","0"
"201",200,"Frank Ntilikina",2017,"20",3501120,0,"0","0","0","0","0","0","0","0","0","0","0","0","0","0","0","0","0","0","0","0","0","0","0","0","0","0","0","0","0","0"
"202",201,"Tyreke Evans",2018,"29",12400000,0,"0","0","0","0","0","0","0","0","0","0","0","0","0","0","0","0","0","0","0","0","0","0","0","0","0","0","0","0","0","0"
"203",202,"Milos Teodosic",2017,"31",6e+06,0,"0","0","0","0","0","0","0","0","0","0","0","0","0","0","0","0","0","0","0","0","0","0","0","0","0","0","0","0","0","0"
"204",203,"JJ Redick",2018,"34",12250000,0,"0","0","0","0","0","0","0","0","0","0","0","0","0","0","0","0","0","0","0","0","0","0","0","0","0","0","0","0","0","0"
"205",204,"Jakob Poeltl",2016,"23",2703960,0,"0","0","0","0","0","0","0","0","0","0","0","0","0","0","0","0","0","0","0","0","0","0","0","0","0","0","0","0","0","0"
"206",205,"Kris Dunn",2016,"24",3872520,0,"0","0","0","0","0","0","0","0","0","0","0","0","0","0","0","0","0","0","0","0","0","0","0","0","0","0","0","0","0","0"
"207",206,"Montrezl Harrell",2018,"24",6e+06,0,"0","0","0","0","0","0","0","0","0","0","0","0","0","0","0","0","0","0","0","0","0","0","0","0","0","0","0","0","0","0"
"208",207,"Marco Belinelli",2018,"32",6153846,0,"0","0","0","0","0","0","0","0","0","0","0","0","0","0","0","0","0","0","0","0","0","0","0","0","0","0","0","0","0","0"
"209",208,"Kentavious Caldwell-Pope",2018,"25",1.2e+07,0,"0","0","0","0","0","0","0","0","0","0","0","0","0","0","0","0","0","0","0","0","0","0","0","0","0","0","0","0","0","0"
"210",209,"Frank Kaminsky",2015,"25",2612520,0,"0","0","0","0","0","0","0","0","0","0","0","0","0","0","0","0","0","0","0","0","0","0","0","0","0","0","0","0","0","0"
"211",210,"Trae Young",2018,"20",5363280,0,"0","0","0","0","0","0","0","0","0","0","0","0","0","0","0","0","0","0","0","0","0","0","0","0","0","0","0","0","0","0"
"212",211,"Thon Maker",2016,"21",2568600,0,"0","0","0","0","0","0","0","0","0","0","0","0","0","0","0","0","0","0","0","0","0","0","0","0","0","0","0","0","0","0"
"213",212,"Dennis Smith",2017,"21",3218280,0,"0","0","0","0","0","0","0","0","0","0","0","0","0","0","0","0","0","0","0","0","0","0","0","0","0","0","0","0","0","0"
"214",213,"Justise Winslow",2015,"22",2481720,0,"0","0","0","0","0","0","0","0","0","0","0","0","0","0","0","0","0","0","0","0","0","0","0","0","0","0","0","0","0","0"
"215",214,"Domantas Sabonis",2016,"22",2440200,0,"0","0","0","0","0","0","0","0","0","0","0","0","0","0","0","0","0","0","0","0","0","0","0","0","0","0","0","0","0","0"
"216",215,"Josh Jackson",2017,"21",5090040,0,"0","0","0","0","0","0","0","0","0","0","0","0","0","0","0","0","0","0","0","0","0","0","0","0","0","0","0","0","0","0"
"217",216,"Nene Hilario",2017,"36",3477600,0,"0","0","0","0","0","0","0","0","0","0","0","0","0","0","0","0","0","0","0","0","0","0","0","0","0","0","0","0","0","0"
"218",217,"Dwight Howard",2018,"33",24256725,0,"0","0","0","0","0","0","0","0","0","0","0","0","0","0","0","0","0","0","0","0","0","0","0","0","0","0","0","0","0","0"
"219",218,"Zach Collins",2017,"21",3057240,0,"0","0","0","0","0","0","0","0","0","0","0","0","0","0","0","0","0","0","0","0","0","0","0","0","0","0","0","0","0","0"
"220",219,"Myles Turner",2015,"22",2277960,0,"0","0","0","0","0","0","0","0","0","0","0","0","0","0","0","0","0","0","0","0","0","0","0","0","0","0","0","0","0","0"
"221",220,"Dario Saric",2016,"24",2318280,0,"0","0","0","0","0","0","0","0","0","0","0","0","0","0","0","0","0","0","0","0","0","0","0","0","0","0","0","0","0","0"
"222",221,"Taurean Prince",2016,"24",2318280,0,"0","0","0","0","0","0","0","0","0","0","0","0","0","0","0","0","0","0","0","0","0","0","0","0","0","0","0","0","0","0"
"223",222,"Ben McLemore",2017,"25",5200000,0,"0","0","0","0","0","0","0","0","0","0","0","0","0","0","0","0","0","0","0","0","0","0","0","0","0","0","0","0","0","0"
"224",223,"Aron Baynes",2018,"32",5193600,0,"0","0","0","0","0","0","0","0","0","0","0","0","0","0","0","0","0","0","0","0","0","0","0","0","0","0","0","0","0","0"
"225",224,"Mohamed Bamba",2018,"20",4871280,0,"0","0","0","0","0","0","0","0","0","0","0","0","0","0","0","0","0","0","0","0","0","0","0","0","0","0","0","0","0","0"
"226",225,"Thabo Sefolosha",2017,"34",5250000,0,"0","0","0","0","0","0","0","0","0","0","0","0","0","0","0","0","0","0","0","0","0","0","0","0","0","0","0","0","0","0"
"227",226,"Trey Lyles",2015,"23",2239800,0,"0","0","0","0","0","0","0","0","0","0","0","0","0","0","0","0","0","0","0","0","0","0","0","0","0","0","0","0","0","0"
"228",227,"Malik Monk",2017,"20",2904480,0,"0","0","0","0","0","0","0","0","0","0","0","0","0","0","0","0","0","0","0","0","0","0","0","0","0","0","0","0","0","0"
"229",228,"Rudy Gay",2018,"32",10087200,0,"0","0","0","0","0","0","0","0","0","0","0","0","0","0","0","0","0","0","0","0","0","0","0","0","0","0","0","0","0","0"
"230",229,"Troy Daniels",2016,"27",3332940,0,"0","0","0","0","0","0","0","0","0","0","0","0","0","0","0","0","0","0","0","0","0","0","0","0","0","0","0","0","0","0"
"231",230,"Tony Parker",2018,"36",5e+06,0,"0","0","0","0","0","0","0","0","0","0","0","0","0","0","0","0","0","0","0","0","0","0","0","0","0","0","0","0","0","0"
"232",231,"Mike Muscala",2017,"27",5e+06,0,"0","0","0","0","0","0","0","0","0","0","0","0","0","0","0","0","0","0","0","0","0","0","0","0","0","0","0","0","0","0"
"233",232,"Devin Booker",2015,"22",2055840,0,"0","0","0","0","0","0","0","0","0","0","0","0","0","0","0","0","0","0","0","0","0","0","0","0","0","0","0","0","0","0"
"234",233,"Luke Kennard",2017,"22",2759280,0,"0","0","0","0","0","0","0","0","0","0","0","0","0","0","0","0","0","0","0","0","0","0","0","0","0","0","0","0","0","0"
"235",234,"Wendell Carter",2018,"0",4446840,0,"0","0","0","0","0","0","0","0","0","0","0","0","0","0","0","0","0","0","0","0","0","0","0","0","0","0","0","0","0","0"
"236",235,"Juan Hernangomez",2016,"23",1987440,0,"0","0","0","0","0","0","0","0","0","0","0","0","0","0","0","0","0","0","0","0","0","0","0","0","0","0","0","0","0","0"
"238",237,"Kelly Oubre",2015,"23",1920240,0,"0","0","0","0","0","0","0","0","0","0","0","0","0","0","0","0","0","0","0","0","0","0","0","0","0","0","0","0","0","0"
"239",238,"Marquese Chriss",2016,"21",2941440,0,"0","0","0","0","0","0","0","0","0","0","0","0","0","0","0","0","0","0","0","0","0","0","0","0","0","0","0","0","0","0"
"240",239,"Rajon Rondo",2018,"32",9e+06,0,"0","0","0","0","0","0","0","0","0","0","0","0","0","0","0","0","0","0","0","0","0","0","0","0","0","0","0","0","0","0"
"241",240,"Tomas Satoransky",2016,"27",2870813,0,"0","0","0","0","0","0","0","0","0","0","0","0","0","0","0","0","0","0","0","0","0","0","0","0","0","0","0","0","0","0"
"242",241,"Justin Holiday",2017,"29",4500000,0,"0","0","0","0","0","0","0","0","0","0","0","0","0","0","0","0","0","0","0","0","0","0","0","0","0","0","0","0","0","0"
"243",242,"Bam Adebayo",2017,"21",2490360,0,"0","0","0","0","0","0","0","0","0","0","0","0","0","0","0","0","0","0","0","0","0","0","0","0","0","0","0","0","0","0"
"244",243,"Collin Sexton",2018,"20",4073760,0,"0","0","0","0","0","0","0","0","0","0","0","0","0","0","0","0","0","0","0","0","0","0","0","0","0","0","0","0","0","0"
"245",244,"Terry Rozier",2015,"24",1824360,0,"0","0","0","0","0","0","0","0","0","0","0","0","0","0","0","0","0","0","0","0","0","0","0","0","0","0","0","0","0","0"
"246",245,"Alex Len",2018,"25",4350000,0,"0","0","0","0","0","0","0","0","0","0","0","0","0","0","0","0","0","0","0","0","0","0","0","0","0","0","0","0","0","0"
"247",246,"Lucas Nogueira",2014,"26",1762680,0,"0","0","0","0","0","0","0","0","0","0","0","0","0","0","0","0","0","0","0","0","0","0","0","0","0","0","0","0","0","0"
"248",247,"Justin Jackson",2017,"23",2365560,0,"0","0","0","0","0","0","0","0","0","0","0","0","0","0","0","0","0","0","0","0","0","0","0","0","0","0","0","0","0","0"
"249",248,"Lauri Markkanen",2017,"21",3821640,0,"0","0","0","0","0","0","0","0","0","0","0","0","0","0","0","0","0","0","0","0","0","0","0","0","0","0","0","0","0","0"
"250",249,"Cedi Osman",2017,"23",2642857,0,"0","0","0","0","0","0","0","0","0","0","0","0","0","0","0","0","0","0","0","0","0","0","0","0","0","0","0","0","0","0"
"251",250,"Kevin Knox",2018,"19",3744840,0,"0","0","0","0","0","0","0","0","0","0","0","0","0","0","0","0","0","0","0","0","0","0","0","0","0","0","0","0","0","0"
"252",251,"Guerschon Yabusele",2017,"23",2247480,0,"0","0","0","0","0","0","0","0","0","0","0","0","0","0","0","0","0","0","0","0","0","0","0","0","0","0","0","0","0","0"
"253",252,"Sam Dekker",2015,"24",1646400,0,"0","0","0","0","0","0","0","0","0","0","0","0","0","0","0","0","0","0","0","0","0","0","0","0","0","0","0","0","0","0"
"254",253,"Malik Beasley",2016,"22",1627320,0,"0","0","0","0","0","0","0","0","0","0","0","0","0","0","0","0","0","0","0","0","0","0","0","0","0","0","0","0","0","0"
"255",254,"Mikal Bridges",2018,"22",3557400,0,"0","0","0","0","0","0","0","0","0","0","0","0","0","0","0","0","0","0","0","0","0","0","0","0","0","0","0","0","0","0"
"256",255,"DJ Wilson",2017,"22",2135040,0,"0","0","0","0","0","0","0","0","0","0","0","0","0","0","0","0","0","0","0","0","0","0","0","0","0","0","0","0","0","0"
"257",256,"Jerian Grant",2015,"26",1572360,0,"0","0","0","0","0","0","0","0","0","0","0","0","0","0","0","0","0","0","0","0","0","0","0","0","0","0","0","0","0","0"
"258",257,"Caris LeVert",2016,"24",1562280,0,"0","0","0","0","0","0","0","0","0","0","0","0","0","0","0","0","0","0","0","0","0","0","0","0","0","0","0","0","0","0"
"259",258,"Shai Gilgeous-Alexander",2018,"20",3375360,0,"0","0","0","0","0","0","0","0","0","0","0","0","0","0","0","0","0","0","0","0","0","0","0","0","0","0","0","0","0","0"
"261",260,"DeAndre Bembry",2016,"24",1499760,0,"0","0","0","0","0","0","0","0","0","0","0","0","0","0","0","0","0","0","0","0","0","0","0","0","0","0","0","0","0","0"
"262",261,"Delon Wright",2015,"26",1509360,0,"0","0","0","0","0","0","0","0","0","0","0","0","0","0","0","0","0","0","0","0","0","0","0","0","0","0","0","0","0","0"
"263",262,"TJ Leaf",2017,"21",2028360,0,"0","0","0","0","0","0","0","0","0","0","0","0","0","0","0","0","0","0","0","0","0","0","0","0","0","0","0","0","0","0"
"264",263,"Justin Anderson",2015,"25",1449000,0,"0","0","0","0","0","0","0","0","0","0","0","0","0","0","0","0","0","0","0","0","0","0","0","0","0","0","0","0","0","0"
"265",264,"Jonah Bolden",2018,"23",1690000,0,"0","0","0","0","0","0","0","0","0","0","0","0","0","0","0","0","0","0","0","0","0","0","0","0","0","0","0","0","0","0"
"266",265,"Miles Bridges",2018,"20",3206640,0,"0","0","0","0","0","0","0","0","0","0","0","0","0","0","0","0","0","0","0","0","0","0","0","0","0","0","0","0","0","0"
"267",266,"John Collins",2017,"21",1936920,0,"0","0","0","0","0","0","0","0","0","0","0","0","0","0","0","0","0","0","0","0","0","0","0","0","0","0","0","0","0","0"
"268",267,"Bobby Portis",2015,"23",1344120,0,"0","0","0","0","0","0","0","0","0","0","0","0","0","0","0","0","0","0","0","0","0","0","0","0","0","0","0","0","0","0"
"269",268,"Rondae Hollis-Jefferson",2015,"24",1335480,0,"0","0","0","0","0","0","0","0","0","0","0","0","0","0","0","0","0","0","0","0","0","0","0","0","0","0","0","0","0","0"
"270",269,"Harry Giles",2017,"20",1859400,0,"0","0","0","0","0","0","0","0","0","0","0","0","0","0","0","0","0","0","0","0","0","0","0","0","0","0","0","0","0","0"
"271",270,"Jerome Robinson",2018,"21",3050160,0,"0","0","0","0","0","0","0","0","0","0","0","0","0","0","0","0","0","0","0","0","0","0","0","0","0","0","0","0","0","0"
"272",271,"Ekpe Udoh",2017,"31",3200000,0,"0","0","0","0","0","0","0","0","0","0","0","0","0","0","0","0","0","0","0","0","0","0","0","0","0","0","0","0","0","0"
"273",272,"Denzel Valentine",2016,"25",2092200,0,"0","0","0","0","0","0","0","0","0","0","0","0","0","0","0","0","0","0","0","0","0","0","0","0","0","0","0","0","0","0"
"274",273,"Tyus Jones",2015,"22",1282080,0,"0","0","0","0","0","0","0","0","0","0","0","0","0","0","0","0","0","0","0","0","0","0","0","0","0","0","0","0","0","0"
"275",274,"Mario Hezonja",2018,"23",6500000,0,"0","0","0","0","0","0","0","0","0","0","0","0","0","0","0","0","0","0","0","0","0","0","0","0","0","0","0","0","0","0"
"276",275,"Pascal Siakam",2016,"24",1196040,0,"0","0","0","0","0","0","0","0","0","0","0","0","0","0","0","0","0","0","0","0","0","0","0","0","0","0","0","0","0","0"
"277",276,"Jarell Martin",2015,"24",1230840,0,"0","0","0","0","0","0","0","0","0","0","0","0","0","0","0","0","0","0","0","0","0","0","0","0","0","0","0","0","0","0"
"278",277,"Skal Labissiere",2016,"22",1188840,0,"0","0","0","0","0","0","0","0","0","0","0","0","0","0","0","0","0","0","0","0","0","0","0","0","0","0","0","0","0","0"
"279",278,"Terrance Ferguson",2017,"20",1785000,0,"0","0","0","0","0","0","0","0","0","0","0","0","0","0","0","0","0","0","0","0","0","0","0","0","0","0","0","0","0","0"
"280",279,"Dejounte Murray",2016,"22",1180080,0,"0","0","0","0","0","0","0","0","0","0","0","0","0","0","0","0","0","0","0","0","0","0","0","0","0","0","0","0","0","0"
"281",280,"Damian Jones",2016,"23",1171560,0,"0","0","0","0","0","0","0","0","0","0","0","0","0","0","0","0","0","0","0","0","0","0","0","0","0","0","0","0","0","0"
"282",281,"Michael Porter",2018,"0",2894160,0,"0","0","0","0","0","0","0","0","0","0","0","0","0","0","0","0","0","0","0","0","0","0","0","0","0","0","0","0","0","0"
"283",282,"Wayne Ellington",2018,"31",6270000,0,"0","0","0","0","0","0","0","0","0","0","0","0","0","0","0","0","0","0","0","0","0","0","0","0","0","0","0","0","0","0"
"284",283,"Yogi Ferrell",2018,"25",3e+06,0,"0","0","0","0","0","0","0","0","0","0","0","0","0","0","0","0","0","0","0","0","0","0","0","0","0","0","0","0","0","0"
"285",284,"Jarrett Allen",2017,"20",1713720,0,"0","0","0","0","0","0","0","0","0","0","0","0","0","0","0","0","0","0","0","0","0","0","0","0","0","0","0","0","0","0"
"286",285,"Jalen Brunson",2018,"22",1230000,0,"0","0","0","0","0","0","0","0","0","0","0","0","0","0","0","0","0","0","0","0","0","0","0","0","0","0","0","0","0","0"
"287",286,"Larry Nance",2015,"26",1155600,0,"0","0","0","0","0","0","0","0","0","0","0","0","0","0","0","0","0","0","0","0","0","0","0","0","0","0","0","0","0","0"
"288",287,"Semi Ojeleye",2017,"24",1291892,0,"0","0","0","0","0","0","0","0","0","0","0","0","0","0","0","0","0","0","0","0","0","0","0","0","0","0","0","0","0","0"
"289",288,"Bryn Forbes",2018,"25",3125000,0,"0","0","0","0","0","0","0","0","0","0","0","0","0","0","0","0","0","0","0","0","0","0","0","0","0","0","0","0","0","0"
"290",289,"Isaiah Briscoe",2018,"22",838464,0,"0","0","0","0","0","0","0","0","0","0","0","0","0","0","0","0","0","0","0","0","0","0","0","0","0","0","0","0","0","0"
"291",290,"Troy Brown",2018,"19",2752680,0,"0","0","0","0","0","0","0","0","0","0","0","0","0","0","0","0","0","0","0","0","0","0","0","0","0","0","0","0","0","0"
"292",291,"Ante Zizic",2017,"22",1645200,0,"0","0","0","0","0","0","0","0","0","0","0","0","0","0","0","0","0","0","0","0","0","0","0","0","0","0","0","0","0","0"
"293",292,"OG Anunoby",2017,"21",1645200,0,"0","0","0","0","0","0","0","0","0","0","0","0","0","0","0","0","0","0","0","0","0","0","0","0","0","0","0","0","0","0"
"294",293,"Willy Hernangomez",2016,"24",1375000,0,"0","0","0","0","0","0","0","0","0","0","0","0","0","0","0","0","0","0","0","0","0","0","0","0","0","0","0","0","0","0"
"295",294,"Anthony Tolliver",2018,"33",5750000,0,"0","0","0","0","0","0","0","0","0","0","0","0","0","0","0","0","0","0","0","0","0","0","0","0","0","0","0","0","0","0"
"296",295,"Donovan Mitchell",2017,"22",2621280,0,"0","0","0","0","0","0","0","0","0","0","0","0","0","0","0","0","0","0","0","0","0","0","0","0","0","0","0","0","0","0"
"297",296,"Elie Okobo",2018,"21",1238464,0,"0","0","0","0","0","0","0","0","0","0","0","0","0","0","0","0","0","0","0","0","0","0","0","0","0","0","0","0","0","0"
"298",297,"Ray Spalding",2018,"21",838464,0,"0","0","0","0","0","0","0","0","0","0","0","0","0","0","0","0","0","0","0","0","0","0","0","0","0","0","0","0","0","0"
"299",298,"Zhaire Smith",2018,"19",2615160,0,"0","0","0","0","0","0","0","0","0","0","0","0","0","0","0","0","0","0","0","0","0","0","0","0","0","0","0","0","0","0"
"300",299,"Donte DiVincenzo",2018,"21",2484360,0,"0","0","0","0","0","0","0","0","0","0","0","0","0","0","0","0","0","0","0","0","0","0","0","0","0","0","0","0","0","0"
"301",300,"Henry Ellenson",2016,"22",1704120,0,"0","0","0","0","0","0","0","0","0","0","0","0","0","0","0","0","0","0","0","0","0","0","0","0","0","0","0","0","0","0"
"302",301,"DeMarcus Cousins",2018,"28",5337000,0,"0","0","0","0","0","0","0","0","0","0","0","0","0","0","0","0","0","0","0","0","0","0","0","0","0","0","0","0","0","0"
"303",302,"Caleb Swanigan",2017,"21",1465920,0,"0","0","0","0","0","0","0","0","0","0","0","0","0","0","0","0","0","0","0","0","0","0","0","0","0","0","0","0","0","0"
"304",303,"Richaun Holmes",2015,"25",1075000,0,"0","0","0","0","0","0","0","0","0","0","0","0","0","0","0","0","0","0","0","0","0","0","0","0","0","0","0","0","0","0"
"305",304,"Lonnie Walker IV",2018,"20",2360160,0,"0","0","0","0","0","0","0","0","0","0","0","0","0","0","0","0","0","0","0","0","0","0","0","0","0","0","0","0","0","0"
"306",305,"Rodions Kurucs",2018,"20",1690000,0,"0","0","0","0","0","0","0","0","0","0","0","0","0","0","0","0","0","0","0","0","0","0","0","0","0","0","0","0","0","0"
"307",306,"Kyle Kuzma",2017,"23",1423560,0,"0","0","0","0","0","0","0","0","0","0","0","0","0","0","0","0","0","0","0","0","0","0","0","0","0","0","0","0","0","0"
"308",307,"Derrick White",2017,"24",1404600,0,"0","0","0","0","0","0","0","0","0","0","0","0","0","0","0","0","0","0","0","0","0","0","0","0","0","0","0","0","0","0"
"309",308,"Reggie Bullock",2017,"27",2500000,0,"0","0","0","0","0","0","0","0","0","0","0","0","0","0","0","0","0","0","0","0","0","0","0","0","0","0","0","0","0","0"
"310",309,"Dirk Nowitzki",2018,"40",5e+06,0,"0","0","0","0","0","0","0","0","0","0","0","0","0","0","0","0","0","0","0","0","0","0","0","0","0","0","0","0","0","0"
"311",310,"Josh Hart",2017,"23",1394520,0,"0","0","0","0","0","0","0","0","0","0","0","0","0","0","0","0","0","0","0","0","0","0","0","0","0","0","0","0","0","0"
"312",311,"Georges Niang",2018,"25",1512601,0,"0","0","0","0","0","0","0","0","0","0","0","0","0","0","0","0","0","0","0","0","0","0","0","0","0","0","0","0","0","0"
"313",312,"Justin Patton",2017,"21",2247480,0,"0","0","0","0","0","0","0","0","0","0","0","0","0","0","0","0","0","0","0","0","0","0","0","0","0","0","0","0","0","0"
"314",313,"Mitchell Robinson",2018,"20",1485440,0,"0","0","0","0","0","0","0","0","0","0","0","0","0","0","0","0","0","0","0","0","0","0","0","0","0","0","0","0","0","0"
"315",314,"Josh Okogie",2018,"20",2163600,0,"0","0","0","0","0","0","0","0","0","0","0","0","0","0","0","0","0","0","0","0","0","0","0","0","0","0","0","0","0","0"
"316",315,"Monte Morris",2018,"23",1349383,0,"0","0","0","0","0","0","0","0","0","0","0","0","0","0","0","0","0","0","0","0","0","0","0","0","0","0","0","0","0","0"
"317",316,"Kevin Huerter",2018,"20",2250960,0,"0","0","0","0","0","0","0","0","0","0","0","0","0","0","0","0","0","0","0","0","0","0","0","0","0","0","0","0","0","0"
"318",317,"Sviatoslav Mykhailiuk",2018,"21",1487694,0,"0","0","0","0","0","0","0","0","0","0","0","0","0","0","0","0","0","0","0","0","0","0","0","0","0","0","0","0","0","0"
"319",318,"Malachi Richardson",2016,"23",1439880,0,"0","0","0","0","0","0","0","0","0","0","0","0","0","0","0","0","0","0","0","0","0","0","0","0","0","0","0","0","0","0"
"320",319,"Grayson Allen",2018,"23",2076960,0,"0","0","0","0","0","0","0","0","0","0","0","0","0","0","0","0","0","0","0","0","0","0","0","0","0","0","0","0","0","0"
"321",320,"TJ McConnell",2015,"26",525093,0,"0","0","0","0","0","0","0","0","0","0","0","0","0","0","0","0","0","0","0","0","0","0","0","0","0","0","0","0","0","0"
"322",321,"Kyle O'Quinn",2018,"28",4449000,0,"0","0","0","0","0","0","0","0","0","0","0","0","0","0","0","0","0","0","0","0","0","0","0","0","0","0","0","0","0","0"
"323",322,"Lance Stephenson",2018,"28",4449000,0,"0","0","0","0","0","0","0","0","0","0","0","0","0","0","0","0","0","0","0","0","0","0","0","0","0","0","0","0","0","0"
"324",323,"Ed Davis",2018,"29",4449000,0,"0","0","0","0","0","0","0","0","0","0","0","0","0","0","0","0","0","0","0","0","0","0","0","0","0","0","0","0","0","0"
"325",324,"Raul Neto",2018,"26",2100000,0,"0","0","0","0","0","0","0","0","0","0","0","0","0","0","0","0","0","0","0","0","0","0","0","0","0","0","0","0","0","0"
"326",325,"Chandler Hutchison",2018,"22",1991520,0,"0","0","0","0","0","0","0","0","0","0","0","0","0","0","0","0","0","0","0","0","0","0","0","0","0","0","0","0","0","0"
"327",326,"Luc Mbah a Moute",2018,"32",4320500,0,"0","0","0","0","0","0","0","0","0","0","0","0","0","0","0","0","0","0","0","0","0","0","0","0","0","0","0","0","0","0"
"328",327,"Mike Scott",2018,"30",4320500,0,"0","0","0","0","0","0","0","0","0","0","0","0","0","0","0","0","0","0","0","0","0","0","0","0","0","0","0","0","0","0"
"329",328,"Darius Miller",2017,"28",2100000,0,"0","0","0","0","0","0","0","0","0","0","0","0","0","0","0","0","0","0","0","0","0","0","0","0","0","0","0","0","0","0"
"330",329,"Timothe Luwawu",2016,"23",1326960,0,"0","0","0","0","0","0","0","0","0","0","0","0","0","0","0","0","0","0","0","0","0","0","0","0","0","0","0","0","0","0"
"331",330,"Frank Mason",2017,"24",1184385,0,"0","0","0","0","0","0","0","0","0","0","0","0","0","0","0","0","0","0","0","0","0","0","0","0","0","0","0","0","0","0"
"332",331,"Abdel Nader",2017,"25",1167333,0,"0","0","0","0","0","0","0","0","0","0","0","0","0","0","0","0","0","0","0","0","0","0","0","0","0","0","0","0","0","0"
"333",332,"Aaron Holiday",2018,"22",1914480,0,"0","0","0","0","0","0","0","0","0","0","0","0","0","0","0","0","0","0","0","0","0","0","0","0","0","0","0","0","0","0"
"334",333,"Damyean Dotson",2017,"24",1100000,0,"0","0","0","0","0","0","0","0","0","0","0","0","0","0","0","0","0","0","0","0","0","0","0","0","0","0","0","0","0","0"
"335",334,"Isaac Bonga",2018,"19",1e+06,0,"0","0","0","0","0","0","0","0","0","0","0","0","0","0","0","0","0","0","0","0","0","0","0","0","0","0","0","0","0","0"
"336",335,"Glen Robinson III",2018,"25",4075000,0,"0","0","0","0","0","0","0","0","0","0","0","0","0","0","0","0","0","0","0","0","0","0","0","0","0","0","0","0","0","0"
"337",336,"Devonte Graham",2018,"23",988464,0,"0","0","0","0","0","0","0","0","0","0","0","0","0","0","0","0","0","0","0","0","0","0","0","0","0","0","0","0","0","0"
"338",337,"Wesley Iwundu",2017,"24",1050000,0,"0","0","0","0","0","0","0","0","0","0","0","0","0","0","0","0","0","0","0","0","0","0","0","0","0","0","0","0","0","0"
"339",338,"Torrey Craig",2018,"28",2e+06,0,"0","0","0","0","0","0","0","0","0","0","0","0","0","0","0","0","0","0","0","0","0","0","0","0","0","0","0","0","0","0"
"340",339,"Anfernee Simons",2018,"19",1837800,0,"0","0","0","0","0","0","0","0","0","0","0","0","0","0","0","0","0","0","0","0","0","0","0","0","0","0","0","0","0","0"
"341",340,"Ike Anigbogu",2017,"20",950000,0,"0","0","0","0","0","0","0","0","0","0","0","0","0","0","0","0","0","0","0","0","0","0","0","0","0","0","0","0","0","0"
"342",341,"Khyri Thomas",2018,"22",838464,0,"0","0","0","0","0","0","0","0","0","0","0","0","0","0","0","0","0","0","0","0","0","0","0","0","0","0","0","0","0","0"
"343",342,"Gary Trent",2018,"20",838464,0,"0","0","0","0","0","0","0","0","0","0","0","0","0","0","0","0","0","0","0","0","0","0","0","0","0","0","0","0","0","0"
"344",343,"Bruce Brown",2018,"22",838464,0,"0","0","0","0","0","0","0","0","0","0","0","0","0","0","0","0","0","0","0","0","0","0","0","0","0","0","0","0","0","0"
"345",344,"Chimezie Metu",2018,"21",838464,0,"0","0","0","0","0","0","0","0","0","0","0","0","0","0","0","0","0","0","0","0","0","0","0","0","0","0","0","0","0","0"
"346",345,"Isaiah Hartenstein",2018,"20",838464,0,"0","0","0","0","0","0","0","0","0","0","0","0","0","0","0","0","0","0","0","0","0","0","0","0","0","0","0","0","0","0"
"347",346,"Jarred Vanderbilt",2018,"19",838464,0,"0","0","0","0","0","0","0","0","0","0","0","0","0","0","0","0","0","0","0","0","0","0","0","0","0","0","0","0","0","0"
"348",347,"Ivica Zubac",2016,"21",1034865,0,"0","0","0","0","0","0","0","0","0","0","0","0","0","0","0","0","0","0","0","0","0","0","0","0","0","0","0","0","0","0"
"349",348,"Moritz Wagner",2018,"21",1764240,0,"0","0","0","0","0","0","0","0","0","0","0","0","0","0","0","0","0","0","0","0","0","0","0","0","0","0","0","0","0","0"
"350",349,"Frank Jackson",2017,"20",815615,0,"0","0","0","0","0","0","0","0","0","0","0","0","0","0","0","0","0","0","0","0","0","0","0","0","0","0","0","0","0","0"
"351",350,"Dwayne Bacon",2017,"23",815615,0,"0","0","0","0","0","0","0","0","0","0","0","0","0","0","0","0","0","0","0","0","0","0","0","0","0","0","0","0","0","0"
"352",351,"Dillon Brooks",2017,"23",815615,0,"0","0","0","0","0","0","0","0","0","0","0","0","0","0","0","0","0","0","0","0","0","0","0","0","0","0","0","0","0","0"
"353",352,"Sterling Brown",2017,"23",815615,0,"0","0","0","0","0","0","0","0","0","0","0","0","0","0","0","0","0","0","0","0","0","0","0","0","0","0","0","0","0","0"
"354",353,"Sindarius Thornwell",2017,"24",815615,0,"0","0","0","0","0","0","0","0","0","0","0","0","0","0","0","0","0","0","0","0","0","0","0","0","0","0","0","0","0","0"
"355",354,"Royce O'Neale",2017,"25",815615,0,"0","0","0","0","0","0","0","0","0","0","0","0","0","0","0","0","0","0","0","0","0","0","0","0","0","0","0","0","0","0"
"356",355,"Shabazz Napier",2018,"27",1942422,0,"0","0","0","0","0","0","0","0","0","0","0","0","0","0","0","0","0","0","0","0","0","0","0","0","0","0","0","0","0","0"
"357",356,"Malcolm Brogdon",2016,"26",875000,0,"0","0","0","0","0","0","0","0","0","0","0","0","0","0","0","0","0","0","0","0","0","0","0","0","0","0","0","0","0","0"
"358",357,"Nerlens Noel",2018,"24",1757429,0,"0","0","0","0","0","0","0","0","0","0","0","0","0","0","0","0","0","0","0","0","0","0","0","0","0","0","0","0","0","0"
"359",358,"Landry Shamet",2018,"21",1705920,0,"0","0","0","0","0","0","0","0","0","0","0","0","0","0","0","0","0","0","0","0","0","0","0","0","0","0","0","0","0","0"
"360",359,"Gary Clark",2018,"24",674122,0,"0","0","0","0","0","0","0","0","0","0","0","0","0","0","0","0","0","0","0","0","0","0","0","0","0","0","0","0","0","0"
"361",360,"Robert Williams",2018,"21",1656600,0,"0","0","0","0","0","0","0","0","0","0","0","0","0","0","0","0","0","0","0","0","0","0","0","0","0","0","0","0","0","0"
"362",361,"Jacob Evans",2018,"21",1646400,0,"0","0","0","0","0","0","0","0","0","0","0","0","0","0","0","0","0","0","0","0","0","0","0","0","0","0","0","0","0","0"
"363",362,"Dzanan Musa",2018,"19",1634400,0,"0","0","0","0","0","0","0","0","0","0","0","0","0","0","0","0","0","0","0","0","0","0","0","0","0","0","0","0","0","0"
"364",363,"Omari Spellman",2018,"21",1622520,0,"0","0","0","0","0","0","0","0","0","0","0","0","0","0","0","0","0","0","0","0","0","0","0","0","0","0","0","0","0","0"
"365",364,"Michael Beasley",2018,"30",3500000,0,"0","0","0","0","0","0","0","0","0","0","0","0","0","0","0","0","0","0","0","0","0","0","0","0","0","0","0","0","0","0"
"366",365,"Rodney Hood",2018,"26",3472887,0,"0","0","0","0","0","0","0","0","0","0","0","0","0","0","0","0","0","0","0","0","0","0","0","0","0","0","0","0","0","0"
"367",366,"James Ennis",2018,"28",1621415,0,"0","0","0","0","0","0","0","0","0","0","0","0","0","0","0","0","0","0","0","0","0","0","0","0","0","0","0","0","0","0"
"368",367,"Jake Layman",2016,"24",6e+05,0,"0","0","0","0","0","0","0","0","0","0","0","0","0","0","0","0","0","0","0","0","0","0","0","0","0","0","0","0","0","0"
"369",368,"Tyler Lydon",2017,"22",1579440,0,"0","0","0","0","0","0","0","0","0","0","0","0","0","0","0","0","0","0","0","0","0","0","0","0","0","0","0","0","0","0"
"370",369,"Rodney McGruder",2016,"27",543471,0,"0","0","0","0","0","0","0","0","0","0","0","0","0","0","0","0","0","0","0","0","0","0","0","0","0","0","0","0","0","0"
"371",370,"Cheick Diallo",2016,"22",543471,0,"0","0","0","0","0","0","0","0","0","0","0","0","0","0","0","0","0","0","0","0","0","0","0","0","0","0","0","0","0","0"
"372",371,"Dorian Finney-Smith",2016,"25",543471,0,"0","0","0","0","0","0","0","0","0","0","0","0","0","0","0","0","0","0","0","0","0","0","0","0","0","0","0","0","0","0"
"373",372,"Brook Lopez",2018,"30",3382000,0,"0","0","0","0","0","0","0","0","0","0","0","0","0","0","0","0","0","0","0","0","0","0","0","0","0","0","0","0","0","0"
"375",374,"Pat Connaughton",2018,"26",1641000,0,"0","0","0","0","0","0","0","0","0","0","0","0","0","0","0","0","0","0","0","0","0","0","0","0","0","0","0","0","0","0"
"376",375,"Christian Wood",2018,"23",1512601,0,"0","0","0","0","0","0","0","0","0","0","0","0","0","0","0","0","0","0","0","0","0","0","0","0","0","0","0","0","0","0"
"377",376,"Treveon Graham",2018,"25",1512601,0,"0","0","0","0","0","0","0","0","0","0","0","0","0","0","0","0","0","0","0","0","0","0","0","0","0","0","0","0","0","0"
"378",377,"Derrick Jones",2018,"21",1512601,0,"0","0","0","0","0","0","0","0","0","0","0","0","0","0","0","0","0","0","0","0","0","0","0","0","0","0","0","0","0","0"
"379",378,"Tony Bradley",2017,"21",1414920,0,"0","0","0","0","0","0","0","0","0","0","0","0","0","0","0","0","0","0","0","0","0","0","0","0","0","0","0","0","0","0"
"380",379,"Elfrid Payton",2018,"24",3e+06,0,"0","0","0","0","0","0","0","0","0","0","0","0","0","0","0","0","0","0","0","0","0","0","0","0","0","0","0","0","0","0"
"381",380,"Furkan Korkmaz",2017,"21",1465920,0,"0","0","0","0","0","0","0","0","0","0","0","0","0","0","0","0","0","0","0","0","0","0","0","0","0","0","0","0","0","0"
"382",381,"Tyrone Wallace",2018,"24",1349383,0,"0","0","0","0","0","0","0","0","0","0","0","0","0","0","0","0","0","0","0","0","0","0","0","0","0","0","0","0","0","0"
"383",382,"Antonio Blakeney",2018,"22",1349383,0,"0","0","0","0","0","0","0","0","0","0","0","0","0","0","0","0","0","0","0","0","0","0","0","0","0","0","0","0","0","0"
"384",383,"Jabari Bird",2018,"24",1349383,0,"0","0","0","0","0","0","0","0","0","0","0","0","0","0","0","0","0","0","0","0","0","0","0","0","0","0","0","0","0","0"
"385",384,"Spencer Dinwiddie",2016,"25",726672,0,"0","0","0","0","0","0","0","0","0","0","0","0","0","0","0","0","0","0","0","0","0","0","0","0","0","0","0","0","0","0"
"386",385,"Shaquille Harrison",2018,"25",1325531,0,"0","0","0","0","0","0","0","0","0","0","0","0","0","0","0","0","0","0","0","0","0","0","0","0","0","0","0","0","0","0"
"387",386,"Wayne Selden",2017,"24",1312611,0,"0","0","0","0","0","0","0","0","0","0","0","0","0","0","0","0","0","0","0","0","0","0","0","0","0","0","0","0","0","0"
"388",387,"Seth Curry",2018,"28",2795000,0,"0","0","0","0","0","0","0","0","0","0","0","0","0","0","0","0","0","0","0","0","0","0","0","0","0","0","0","0","0","0"
"389",388,"Alfonzo McKinnie",2018,"26",1349383,0,"0","0","0","0","0","0","0","0","0","0","0","0","0","0","0","0","0","0","0","0","0","0","0","0","0","0","0","0","0","0"
"390",389,"Trey Burke",2017,"26",784160,0,"0","0","0","0","0","0","0","0","0","0","0","0","0","0","0","0","0","0","0","0","0","0","0","0","0","0","0","0","0","0"
"391",390,"Dante Cunningham",2018,"31",2487000,0,"0","0","0","0","0","0","0","0","0","0","0","0","0","0","0","0","0","0","0","0","0","0","0","0","0","0","0","0","0","0"
"392",391,"Melvin Frazier",2018,"22",1050000,0,"0","0","0","0","0","0","0","0","0","0","0","0","0","0","0","0","0","0","0","0","0","0","0","0","0","0","0","0","0","0"
"393",392,"Carmelo Anthony",2018,"34",27928140,0,"0","0","0","0","0","0","0","0","0","0","0","0","0","0","0","0","0","0","0","0","0","0","0","0","0","0","0","0","0","0"
"394",393,"Raymond Felton",2018,"34",2393887,0,"0","0","0","0","0","0","0","0","0","0","0","0","0","0","0","0","0","0","0","0","0","0","0","0","0","0","0","0","0","0"
"395",394,"Amir Johnson",2018,"31",2393887,0,"0","0","0","0","0","0","0","0","0","0","0","0","0","0","0","0","0","0","0","0","0","0","0","0","0","0","0","0","0","0"
"396",395,"Jamal Crawford",2018,"38",4698113,0,"0","0","0","0","0","0","0","0","0","0","0","0","0","0","0","0","0","0","0","0","0","0","0","0","0","0","0","0","0","0"
"397",396,"Zaza Pachulia",2018,"34",2393887,0,"0","0","0","0","0","0","0","0","0","0","0","0","0","0","0","0","0","0","0","0","0","0","0","0","0","0","0","0","0","0"
"398",397,"Luol Deng",2018,"33",16747954,0,"0","0","0","0","0","0","0","0","0","0","0","0","0","0","0","0","0","0","0","0","0","0","0","0","0","0","0","0","0","0"
"399",398,"Channing Frye",2018,"35",2393887,0,"0","0","0","0","0","0","0","0","0","0","0","0","0","0","0","0","0","0","0","0","0","0","0","0","0","0","0","0","0","0"
"400",399,"Jeff Green",2018,"32",2393887,0,"0","0","0","0","0","0","0","0","0","0","0","0","0","0","0","0","0","0","0","0","0","0","0","0","0","0","0","0","0","0"
"401",400,"Jose Calderon",2018,"37",2393887,0,"0","0","0","0","0","0","0","0","0","0","0","0","0","0","0","0","0","0","0","0","0","0","0","0","0","0","0","0","0","0"
"402",401,"Gerald Green",2018,"32",1512601,0,"0","0","0","0","0","0","0","0","0","0","0","0","0","0","0","0","0","0","0","0","0","0","0","0","0","0","0","0","0","0"
"403",402,"JaVale McGee",2018,"31",2393887,0,"0","0","0","0","0","0","0","0","0","0","0","0","0","0","0","0","0","0","0","0","0","0","0","0","0","0","0","0","0","0"
"404",403,"Derrick Rose",2018,"30",2176260,0,"0","0","0","0","0","0","0","0","0","0","0","0","0","0","0","0","0","0","0","0","0","0","0","0","0","0","0","0","0","0"
"405",404,"Dwyane Wade",2018,"37",2393887,0,"0","0","0","0","0","0","0","0","0","0","0","0","0","0","0","0","0","0","0","0","0","0","0","0","0","0","0","0","0","0"
"406",405,"Vince Carter",2018,"41",2393887,0,"0","0","0","0","0","0","0","0","0","0","0","0","0","0","0","0","0","0","0","0","0","0","0","0","0","0","0","0","0","0"
"407",406,"Udonis Haslem",2018,"38",2393887,0,"0","0","0","0","0","0","0","0","0","0","0","0","0","0","0","0","0","0","0","0","0","0","0","0","0","0","0","0","0","0"
"408",407,"Devin Harris",2018,"35",2393887,0,"0","0","0","0","0","0","0","0","0","0","0","0","0","0","0","0","0","0","0","0","0","0","0","0","0","0","0","0","0","0"
"409",408,"De'Anthony Melton",2018,"20",949000,0,"0","0","0","0","0","0","0","0","0","0","0","0","0","0","0","0","0","0","0","0","0","0","0","0","0","0","0","0","0","0"
"410",409,"Ivan Rabb",2017,"21",950000,0,"0","0","0","0","0","0","0","0","0","0","0","0","0","0","0","0","0","0","0","0","0","0","0","0","0","0","0","0","0","0"
"411",410,"Kenrich Williams",2018,"24",838464,0,"0","0","0","0","0","0","0","0","0","0","0","0","0","0","0","0","0","0","0","0","0","0","0","0","0","0","0","0","0","0"
"412",411,"Ryan Broekhoff",2018,"28",838464,0,"0","0","0","0","0","0","0","0","0","0","0","0","0","0","0","0","0","0","0","0","0","0","0","0","0","0","0","0","0","0"
"413",412,"Keita Bates-Diop",2018,"23",838464,0,"0","0","0","0","0","0","0","0","0","0","0","0","0","0","0","0","0","0","0","0","0","0","0","0","0","0","0","0","0","0"
"414",413,"Alize Johnson",2018,"22",838464,0,"0","0","0","0","0","0","0","0","0","0","0","0","0","0","0","0","0","0","0","0","0","0","0","0","0","0","0","0","0","0"
"415",414,"Hamidou Diallo",2018,"20",838464,0,"0","0","0","0","0","0","0","0","0","0","0","0","0","0","0","0","0","0","0","0","0","0","0","0","0","0","0","0","0","0"
"416",415,"Jevon Carter",2018,"23",838464,0,"0","0","0","0","0","0","0","0","0","0","0","0","0","0","0","0","0","0","0","0","0","0","0","0","0","0","0","0","0","0"
"417",416,"Khem Birch",2017,"26",815615,0,"0","0","0","0","0","0","0","0","0","0","0","0","0","0","0","0","0","0","0","0","0","0","0","0","0","0","0","0","0","0"
"418",417,"Jordan Bell",2017,"24",815615,0,"0","0","0","0","0","0","0","0","0","0","0","0","0","0","0","0","0","0","0","0","0","0","0","0","0","0","0","0","0","0"
"419",418,"Tyler Dorsey",2017,"22",815615,0,"0","0","0","0","0","0","0","0","0","0","0","0","0","0","0","0","0","0","0","0","0","0","0","0","0","0","0","0","0","0"
"420",419,"Thomas Bryant",2017,"21",815615,0,"0","0","0","0","0","0","0","0","0","0","0","0","0","0","0","0","0","0","0","0","0","0","0","0","0","0","0","0","0","0"
"421",420,"Daniel Theis",2017,"26",815615,0,"0","0","0","0","0","0","0","0","0","0","0","0","0","0","0","0","0","0","0","0","0","0","0","0","0","0","0","0","0","0"
"422",421,"Maxi Kleber",2017,"26",815615,0,"0","0","0","0","0","0","0","0","0","0","0","0","0","0","0","0","0","0","0","0","0","0","0","0","0","0","0","0","0","0"
"423",422,"Omri Casspi",2018,"30",2176260,0,"0","0","0","0","0","0","0","0","0","0","0","0","0","0","0","0","0","0","0","0","0","0","0","0","0","0","0","0","0","0"
"424",423,"Jonas Jerebko",2018,"31",2165481,0,"0","0","0","0","0","0","0","0","0","0","0","0","0","0","0","0","0","0","0","0","0","0","0","0","0","0","0","0","0","0"
"425",424,"Greg Monroe",2018,"28",2165481,0,"0","0","0","0","0","0","0","0","0","0","0","0","0","0","0","0","0","0","0","0","0","0","0","0","0","0","0","0","0","0"
"426",425,"Quincy Pondexter",2018,"30",2165481,0,"0","0","0","0","0","0","0","0","0","0","0","0","0","0","0","0","0","0","0","0","0","0","0","0","0","0","0","0","0","0"
"427",426,"Tyson Chandler",2018,"36",13585000,0,"0","0","0","0","0","0","0","0","0","0","0","0","0","0","0","0","0","0","0","0","0","0","0","0","0","0","0","0","0","0"
"428",427,"Shelvin Mack",2018,"28",2512601,0,"0","0","0","0","0","0","0","0","0","0","0","0","0","0","0","0","0","0","0","0","0","0","0","0","0","0","0","0","0","0"
"429",428,"Isaiah Thomas",2018,"29",2029463,0,"0","0","0","0","0","0","0","0","0","0","0","0","0","0","0","0","0","0","0","0","0","0","0","0","0","0","0","0","0","0"
"430",429,"Wade Baldwin",2017,"22",2254292,0,"0","0","0","0","0","0","0","0","0","0","0","0","0","0","0","0","0","0","0","0","0","0","0","0","0","0","0","0","0","0"
"431",430,"Ian Clark",2018,"27",1757429,0,"0","0","0","0","0","0","0","0","0","0","0","0","0","0","0","0","0","0","0","0","0","0","0","0","0","0","0","0","0","0"
"432",431,"Joakim Noah",2018,"33",20261172,0,"0","0","0","0","0","0","0","0","0","0","0","0","0","0","0","0","0","0","0","0","0","0","0","0","0","0","0","0","0","0"
"433",432,"Noah Vonleh",2018,"23",1621415,0,"0","0","0","0","0","0","0","0","0","0","0","0","0","0","0","0","0","0","0","0","0","0","0","0","0","0","0","0","0","0"
"434",433,"Tim Frazier",2018,"28",1621415,0,"0","0","0","0","0","0","0","0","0","0","0","0","0","0","0","0","0","0","0","0","0","0","0","0","0","0","0","0","0","0"
"435",434,"Nik Stauskas",2018,"25",1621415,0,"0","0","0","0","0","0","0","0","0","0","0","0","0","0","0","0","0","0","0","0","0","0","0","0","0","0","0","0","0","0"
"436",435,"Luke Kornet",2018,"23",1619260,0,"0","0","0","0","0","0","0","0","0","0","0","0","0","0","0","0","0","0","0","0","0","0","0","0","0","0","0","0","0","0"
"437",436,"Kevon Looney",2018,"22",1567007,0,"0","0","0","0","0","0","0","0","0","0","0","0","0","0","0","0","0","0","0","0","0","0","0","0","0","0","0","0","0","0"
"438",437,"Jahlil Okafor",2018,"23",1567007,0,"0","0","0","0","0","0","0","0","0","0","0","0","0","0","0","0","0","0","0","0","0","0","0","0","0","0","0","0","0","0"
"439",438,"Salah Mejri",2018,"32",1564007,0,"0","0","0","0","0","0","0","0","0","0","0","0","0","0","0","0","0","0","0","0","0","0","0","0","0","0","0","0","0","0"
"440",439,"Quinn Cook",2017,"25",189832,0,"0","0","0","0","0","0","0","0","0","0","0","0","0","0","0","0","0","0","0","0","0","0","0","0","0","0","0","0","0","0"
"441",440,"David Nwaba",2018,"26",1512601,0,"0","0","0","0","0","0","0","0","0","0","0","0","0","0","0","0","0","0","0","0","0","0","0","0","0","0","0","0","0","0"
"442",441,"Ryan Arcidiacono",2018,"24",1349383,0,"0","0","0","0","0","0","0","0","0","0","0","0","0","0","0","0","0","0","0","0","0","0","0","0","0","0","0","0","0","0"
"443",442,"Daniel Hamilton",2018,"23",1349383,0,"0","0","0","0","0","0","0","0","0","0","0","0","0","0","0","0","0","0","0","0","0","0","0","0","0","0","0","0","0","0"
"444",443,"Austin Rivers",2018,"26",13805323,0,"0","0","0","0","0","0","0","0","0","0","0","0","0","0","0","0","0","0","0","0","0","0","0","0","0","0","0","0","0","0"
"445",444,"Kenneth Faried",2018,"29",13314045,0,"0","0","0","0","0","0","0","0","0","0","0","0","0","0","0","0","0","0","0","0","0","0","0","0","0","0","0","0","0","0"
"446",445,"Chasson Randle",2018,"25",975824,0,"0","0","0","0","0","0","0","0","0","0","0","0","0","0","0","0","0","0","0","0","0","0","0","0","0","0","0","0","0","0"
"447",446,"Brad Wanamaker",2018,"29",838464,0,"0","0","0","0","0","0","0","0","0","0","0","0","0","0","0","0","0","0","0","0","0","0","0","0","0","0","0","0","0","0"
"448",447,"Patrick McCaw",2018,"23",964104,0,"0","0","0","0","0","0","0","0","0","0","0","0","0","0","0","0","0","0","0","0","0","0","0","0","0","0","0","0","0","0"
"449",448,"Andre Ingram",2017,"33",46079,0,"0","0","0","0","0","0","0","0","0","0","0","0","0","0","0","0","0","0","0","0","0","0","0","0","0","0","0","0","0","0"
