"","player_name","ContractYear","Current Year Salary","Salary Cup","Pos","Age","Tm","G","GS","MP","FG","FGA","FG%","3P","3PA","3P%","2P","2PA","2P%","eFG%","FT","FTA","FT%","ORB","DRB","TRB","AST","STL","BLK","TOV","PF","PTS"
"2","Russell Westbrook",2018,35665000,101869000,1,"29","OKC","80","80","2914","757","1687",".449","97","326",".298","660","1361",".485",".477","417","566",".737","152","652","804","820","147","20","381","200","2028"
"3","Stephen Curry",2017,34682550,99093000,1,"28","GSW","79","79","2638","675","1443",".468","324","789",".411","351","654",".537",".580","325","362",".898","61","292","353","524","142","17","239","183","1999"
"4","Blake Griffin",2017,29512900,99093000,4,"27","LAC","61","61","2076","479","971",".493","38","113",".336","441","858",".514",".513","320","421",".760","112","385","497","300","57","22","142","157","1316"
"7","Chris Paul",2018,35654150,101869000,1,"32","HOU","58","58","1847","367","798",".460","144","379",".380","223","419",".532",".550","203","221",".919","37","276","313","457","96","14","128","141","1081"
"10","LeBron James",2018,35654150,101869000,4,"33","CLE","82","82","3026","857","1580",".542","149","406",".367","708","1174",".603",".590","388","531",".731","97","612","709","747","116","71","347","136","2251"
"11","Mike Conley",2016,26540100,94143000,1,"28","MEM","56","56","1761","294","696",".422","78","215",".363","216","481",".449",".478","191","229",".834","26","138","164","342","67","16","84","100","857"
"12","Nikola Jokic",2018,25467250,101869000,5,"22","DEN","75","73","2443","504","1010",".499","111","280",".396","393","730",".538",".554","266","313",".850","195","608","803","458","90","61","210","212","1385"
"13","Joel Embiid",2018,25467250,101869000,5,"23","PHI","63","63","1912","510","1056",".483","66","214",".308","444","842",".527",".514","359","467",".769","143","547","690","199","40","111","234","209","1445"
"14","Andrew Wiggins",2018,25467250,101869000,3,"22","MIN","82","82","2979","569","1300",".438","112","338",".331","457","962",".475",".481","202","314",".643","82","276","358","160","91","51","138","163","1452"
"15","Damian Lillard",2016,24328425,94143000,1,"25","POR","75","75","2676","618","1474",".419","229","610",".375","389","864",".450",".497","414","464",".892","45","257","302","512","65","28","242","165","1879"
"16","DeMar DeRozan",2016,26540100,94143000,2,"26","TOR","78","78","2804","614","1377",".446","47","139",".338","567","1238",".458",".463","555","653",".850","64","285","349","315","81","21","175","167","1830"
"17","Paul George",2018,30560700,101869000,3,"27","OKC","79","79","2891","576","1340",".430","244","609",".401","332","731",".454",".521","338","411",".822","72","375","447","263","161","39","212","233","1734"
"18","Jrue Holiday",2017,25686667,99093000,1,"26","NOP","67","61","2190","405","893",".454","100","281",".356","305","612",".498",".510","119","168",".708","46","218","264","488","100","44","194","133","1029"
"19","Gordon Hayward",2017,29727900,99093000,3,"26","UTA","73","73","2516","545","1156",".471","149","374",".398","396","782",".506",".536","362","429",".844","49","345","394","252","73","20","140","117","1601"
"20","Anthony Davis",2016,22116750,94143000,5,"22","NOP","61","61","2164","560","1136",".493","35","108",".324","525","1028",".511",".508","326","430",".758","130","497","627","116","78","125","121","148","1481"
"21","Bradley Beal",2016,22116750,94143000,2,"22","WAS","55","35","1708","359","799",".449","105","271",".387","254","528",".481",".515","135","176",".767","41","147","188","162","54","11","112","117","958"
"22","Andre Drummond",2016,22116750,94143000,5,"22","DET","81","81","2666","552","1060",".521","2","6",".333","550","1054",".522",".522","208","586",".355","395","803","1198","67","119","112","155","245","1314"
"24","Nicolas Batum",2016,20869566,94143000,3,"27","CHO","70","70","2448","372","873",".426","139","399",".348","233","474",".492",".506","163","192",".849","55","373","428","403","65","43","205","114","1046"
"25","James Harden",2016,26540100,94143000,2,"26","HOU","82","82","3125","710","1617",".439","236","657",".359","474","960",".494",".512","720","837",".860","63","438","501","612","139","51","374","229","2376"
"26","Al Horford",2016,26540100,94143000,5,"29","ATL","82","82","2631","529","1048",".505","88","256",".344","441","792",".557",".547","103","129",".798","148","448","596","263","68","121","107","163","1249"
"27","Marc Gasol",2015,19689000,7e+07,5,"30","MEM","81","81","2687","530","1072",".494","3","17",".176","527","1055",".500",".496","350","440",".795","115","515","630","307","70","131","176","208","1413"
"28","Kevin Love",2015,19689000,7e+07,4,"26","CLE","75","75","2532","413","952",".434","144","392",".367","269","560",".480",".509","258","321",".804","142","589","731","168","51","39","122","140","1228"
"29","CJ McCollum",2017,23962573,99093000,2,"25","POR","80","80","2796","692","1441",".480","185","439",".421","507","1002",".506",".544","268","294",".912","60","229","289","285","72","42","172","202","1837"
"30","Otto Porter",2017,24773250,99093000,3,"23","WAS","80","80","2605","414","803",".516","148","341",".434","266","462",".576",".608","99","119",".832","118","396","514","121","116","42","44","193","1075"
"31","Rudy Gobert",2017,21224719,99093000,5,"24","UTA","81","81","2744","413","625",".661","0","1",".000","413","624",".662",".661","311","476",".653","314","721","1035","97","49","214","147","246","1137"
"32","Kyle Lowry",2017,28903704,99093000,1,"30","TOR","60","60","2244","426","918",".464","193","468",".412","233","450",".518",".569","299","365",".819","48","238","286","417","88","19","173","170","1344"
"33","Steven Adams",2017,22471911,99093000,5,"23","OKC","80","80","2389","374","655",".571","0","1",".000","374","654",".572",".571","157","257",".611","281","332","613","86","89","78","146","195","905"
"34","Giannis Antetokounmpo",2017,22471911,99093000,3,"22","MIL","80","80","2845","656","1259",".521","49","180",".272","607","1079",".563",".541","471","612",".770","142","558","700","434","131","151","234","246","1832"
"35","Hassan Whiteside",2016,22116750,94143000,5,"26","MIA","73","43","2125","413","682",".606","0","0","","413","682",".606",".606","214","329",".650","238","627","865","30","44","269","137","201","1040"
"36","Harrison Barnes",2016,22116750,94143000,3,"23","GSW","66","59","2042","295","633",".466","82","214",".383","213","419",".508",".531","102","134",".761","77","248","325","117","41","10","57","136","774"
"37","Chandler Parsons",2016,22116750,94143000,3,"27","DAL","61","51","1799","320","651",".492","104","251",".414","216","400",".540",".571","93","136",".684","29","256","285","169","46","21","95","114","837"
"38","Kyrie Irving",2015,16407500,7e+07,1,"22","CLE","75","75","2730","578","1235",".468","157","378",".415","421","857",".491",".532","315","365",".863","55","182","237","389","114","20","186","146","1628"
"39","Kawhi Leonard",2015,16407500,7e+07,3,"23","SAS","64","64","2033","394","822",".479","67","192",".349","327","630",".519",".520","202","252",".802","85","376","461","161","148","48","97","128","1057"
"40","Jimmy Butler",2015,16407500,7e+07,2,"25","CHI","65","65","2513","421","912",".462","73","193",".378","348","719",".484",".502","386","463",".834","114","265","379","212","114","36","93","108","1301"
"41","Clint Capela",2018,15793104,101869000,5,"23","HOU","74","74","2034","441","676",".652","0","1",".000","441","675",".653",".652","144","257",".560","241","561","802","68","58","137","103","185","1026"
"42","Goran Dragic",2015,14783000,7e+07,2,"28","TOT","78","78","2640","502","1002",".501","90","259",".347","412","743",".555",".546","181","234",".774","81","193","274","350","78","15","173","195","1275"
"43","Evan Fournier",2016,1.7e+07,94143000,3,"23","ORL","79","71","2566","429","929",".462","156","390",".400","273","539",".506",".546","199","238",".836","33","192","225","213","96","2","133","214","1213"
"44","Victor Oladipo",2017,2.1e+07,99093000,2,"24","OKC","67","67","2222","412","932",".442","127","352",".361","285","580",".491",".510","116","154",".753","39","252","291","176","78","21","119","155","1067"
"45","John Wall",2014,13701250,63065000,1,"23","WAS","82","82","2980","579","1337",".433","108","308",".351","471","1029",".458",".473","317","394",".805","38","295","333","721","149","40","295","219","1583"
"46","LaMarcus Aldridge",2015,19689000,7e+07,4,"29","POR","71","71","2512","659","1415",".466","37","105",".352","622","1310",".475",".479","306","362",".845","177","549","726","124","48","68","122","125","1661"
"47","Gary Harris",2018,16517857,101869000,2,"23","DEN","67","65","2304","440","908",".485","156","394",".396","284","514",".553",".570","134","162",".827","37","139","176","194","122","15","119","119","1170"
"48","Tristan Thompson",2015,14260000,7e+07,4,"23","CLE","82","15","2194","267","488",".547","0","0","","267","488",".547",".547","159","248",".641","274","383","657","39","34","61","83","189","693"
"49","Draymond Green",2015,14260870,7e+07,4,"24","GSW","79","79","2490","339","765",".443","111","329",".337","228","436",".523",".516","132","200",".660","114","533","647","291","123","99","133","253","921"
"51","Ryan Anderson",2016,18735364,94143000,4,"27","NOP","66","7","2008","397","929",".427","131","358",".366","266","571",".466",".498","199","228",".873","131","265","396","73","38","25","90","109","1124"
"52","Reggie Jackson",2015,13913044,7e+07,1,"24","TOT","77","40","2268","432","996",".434","72","241",".299","360","755",".477",".470","181","218",".830","56","271","327","462","62","9","186","167","1117"
"53","Aaron Gordon",2018,21590909,101869000,4,"22","ORL","58","57","1909","375","865",".434","115","342",".336","260","523",".497",".500","157","225",".698","87","370","457","136","59","45","107","111","1022"
"54","Zach LaVine",2018,19500000,101869000,2,"22","CHI","24","24","656","136","355",".383","42","123",".341","94","232",".405",".442","87","107",".813","9","85","94","72","24","4","43","55","401"
"55","Allen Crabbe",2016,18500000,94143000,2,"23","POR","81","8","2105","311","678",".459","112","285",".393","199","393",".506",".541","98","113",".867","27","189","216","99","63","16","64","192","832"
"56","Bismack Biyombo",2016,1.7e+07,94143000,5,"23","TOR","82","22","1808","156","288",".542","0","1",".000","156","287",".544",".542","142","226",".628","182","473","655","29","19","133","71","225","454"
"57","Tim Hardaway",2017,16500000,99093000,2,"24","ATL","79","30","2154","415","912",".455","149","417",".357","266","495",".537",".537","164","214",".766","35","189","224","182","55","15","106","103","1143"
"58","Wesley Matthews",2015,16407500,7e+07,2,"28","POR","60","60","2024","337","752",".448","173","445",".389","164","307",".534",".563","109","145",".752","38","184","222","139","77","10","81","132","956"
"59","Enes Kanter",2015,16407500,7e+07,5,"22","TOT","75","74","2135","482","928",".519","16","45",".356","466","883",".528",".528","183","234",".782","277","394","671","55","36","29","145","189","1163"
"60","Evan Turner",2016,16393443,94143000,2,"27","BOS","81","12","2271","343","753",".456","20","83",".241","323","670",".482",".469","148","179",".827","50","347","397","359","80","28","169","139","854"
"61","Eric Bledsoe",2014,1.3e+07,63065000,1,"24","PHO","43","40","1416","265","556",".477","50","140",".357","215","416",".517",".522","183","237",".772","27","175","202","235","69","14","143","99","763"
"62","Brandon Knight",2015,13500000,7e+07,1,"23","TOT","63","61","2035","375","888",".422","125","321",".389","250","567",".441",".493","195","223",".874","28","216","244","330","90","10","189","114","1070"
"63","Khris Middleton",2015,14700000,7e+07,3,"23","MIL","79","58","2378","406","869",".467","109","268",".407","297","601",".494",".530","134","156",".859","48","299","347","182","122","11","113","183","1055"
"64","Kent Bazemore",2016,15730337,94143000,3,"26","ATL","75","68","2083","320","725",".441","109","305",".357","211","420",".502",".517","123","151",".815","28","351","379","171","98","38","138","176","872"
"65","Dennis Schroder",2017,15500000,99093000,1,"23","ATL","79","78","2485","548","1214",".451","100","294",".340","448","920",".487",".493","218","255",".855","42","206","248","499","74","16","258","149","1414"
"66","Klay Thompson",2015,15501000,7e+07,2,"24","GSW","77","77","2455","602","1299",".463","239","545",".439","363","754",".481",".555","225","256",".879","27","220","247","222","87","60","149","122","1668"
"67","Serge Ibaka",2017,20061729,99093000,4,"27","TOT","79","79","2422","471","982",".480","124","317",".391","347","665",".522",".543","107","125",".856","129","409","538","75","41","124","105","215","1173"
"68","Danilo Gallinari",2017,20559599,99093000,3,"28","DEN","63","63","2134","335","750",".447","126","324",".389","209","426",".491",".531","349","387",".902","39","286","325","135","40","15","82","93","1145"
"69","Ian Mahinmi",2016,1.6e+07,94143000,5,"29","IND","71","71","1816","264","448",".589","0","0","","264","448",".589",".589","132","225",".587","138","369","507","104","65","75","100","220","660"
"70","Timofey Mozgov",2016,1.6e+07,94143000,5,"29","CLE","76","48","1326","203","359",".565","1","7",".143","202","352",".574",".567","68","95",".716","110","227","337","33","22","57","71","159","475"
"71","Jonas Valanciunas",2016,14382023,94143000,5,"23","TOR","60","59","1557","303","536",".565","0","0","","303","536",".565",".565","162","213",".761","184","363","547","42","25","80","85","158","768"
"72","Tobias Harris",2015,1.6e+07,7e+07,3,"22","ORL","68","63","2369","442","949",".466","87","239",".364","355","710",".500",".512","193","245",".788","73","357","430","124","69","36","115","134","1164"
"73","Gorgui Dieng",2017,14112360,99093000,4,"27","MIN","82","82","2653","332","661",".502","16","43",".372","316","618",".511",".514","136","167",".814","188","459","647","158","88","95","107","254","816"
"74","Kevin Durant",2018,3e+07,101869000,4,"29","GSW","68","68","2325","630","1222",".516","173","413",".419","457","809",".565",".586","359","404",".889","31","433","464","366","50","119","207","133","1792"
"75","Paul Millsap",2017,30769231,99093000,4,"31","ATL","69","67","2343","430","972",".442","75","241",".311","355","731",".486",".481","311","405",".768","111","422","533","252","90","62","158","186","1246"
"76","Marcin Gortat",2014,10434782,63065000,5,"29","WAS","81","80","2655","455","840",".542","1","1","1.000","454","839",".541",".542","157","229",".686","202","565","767","138","41","121","126","201","1068"
"77","DeMarre Carroll",2015,13600000,7e+07,3,"28","ATL","70","69","2189","318","653",".487","120","304",".395","198","349",".567",".579","127","181",".702","99","273","372","118","94","17","75","154","883"
"78","JR Smith",2016,12800000,94143000,2,"30","CLE","77","77","2362","353","850",".415","204","510",".400","149","340",".438",".535","45","71",".634","43","174","217","130","81","21","59","204","955"
"79","George Hill",2017,2e+07,99093000,1,"30","UTA","49","49","1544","289","606",".477","94","233",".403","195","373",".523",".554","157","196",".801","23","144","167","204","50","11","85","114","829"
"80","Jeff Teague",2017,1.9e+07,99093000,1,"28","IND","82","82","2657","402","909",".442","90","252",".357","312","657",".475",".492","360","415",".867","33","297","330","639","100","32","216","165","1254"
"81","Cody Zeller",2017,12584270,99093000,5,"24","CHO","62","58","1725","253","443",".571","0","1",".000","253","442",".572",".571","133","196",".679","135","270","405","99","62","58","65","189","639"
"82","Ricky Rubio",2015,12700000,7e+07,1,"24","MIN","22","22","692","78","219",".356","13","51",".255","65","168",".387",".386","57","71",".803","19","106","125","193","38","1","64","59","226"
"83","Marvin Williams",2016,12250000,94143000,4,"29","CHO","81","81","2338","338","747",".452","152","378",".402","186","369",".504",".554","120","144",".833","127","394","521","110","58","77","62","133","948"
"84","Robin Lopez",2015,12650000,7e+07,5,"26","POR","59","59","1638","234","437",".535","0","1",".000","234","436",".537",".535","98","127",".772","190","204","394","55","16","84","73","122","566"
"85","Thaddeus Young",2015,11235955,7e+07,4,"26","TOT","76","68","2434","451","968",".466","38","115",".330","413","853",".484",".486","131","200",".655","127","284","411","173","124","25","117","171","1071"
"86","Will Barton",2018,11830358,101869000,2,"27","DEN","81","40","2683","465","1028",".452","156","422",".370","309","606",".510",".528","182","226",".805","70","339","409","331","82","52","149","168","1268"
"87","Nikola Vucevic",2015,11250000,7e+07,5,"24","ORL","74","74","2529","631","1206",".523","2","6",".333","629","1200",".524",".524","164","218",".752","238","572","810","147","54","54","148","220","1428"
"88","Eric Gordon",2016,12385665,94143000,2,"27","NOP","45","44","1481","231","552",".418","113","294",".384","118","258",".457",".521","111","125",".888","10","89","99","121","43","14","73","98","686"
"89","Michael Kidd-Gilchrist",2016,1.3e+07,94143000,3,"22","CHO","7","7","205","33","61",".541","3","7",".429","30","54",".556",".566","20","29",".690","12","33","45","9","3","3","8","9","89"
"90","Dion Waiters",2017,12100000,99093000,2,"25","MIA","46","43","1384","281","663",".424","85","215",".395","196","448",".438",".488","82","127",".646","18","135","153","200","42","20","103","95","729"
"91","Joe Ingles",2017,13636364,99093000,3,"29","UTA","82","26","1972","204","451",".452","123","279",".441","81","172",".471",".589","50","68",".735","23","238","261","225","96","8","107","163","581"
"92","Marcus Smart",2018,11160716,101869000,2,"23","BOS","54","11","1614","189","515",".367","75","249",".301","114","266",".429",".440","97","133",".729","43","146","189","259","71","23","129","133","550"
"93","Miles Plumlee",2016,12400000,94143000,5,"27","MIL","61","14","870","140","233",".601","0","0","","140","233",".601",".601","34","59",".576","94","138","232","16","21","50","40","73","314"
"94","Kelly Olynyk",2017,12007169,99093000,5,"25","BOS","75","6","1538","260","508",".512","68","192",".354","192","316",".608",".579","90","123",".732","73","288","361","148","43","29","96","207","678"
"95","Jordan Clarkson",2016,12500000,94143000,2,"23","LAL","79","79","2552","475","1098",".433","111","320",".347","364","778",".468",".483","164","204",".804","93","220","313","192","88","7","135","168","1225"
"96","Tyler Johnson",2016,5628000,94143000,2,"23","MIA","36","5","863","118","243",".486","27","71",".380","91","172",".529",".541","51","64",".797","28","81","109","79","24","14","47","66","314"
"98","Patty Mills",2017,10714286,99093000,1,"28","SAS","80","8","1754","273","621",".440","147","355",".414","126","266",".474",".558","66","80",".825","24","117","141","280","65","3","101","109","759"
"99","Courtney Lee",2016,11242000,94143000,2,"30","TOT","79","65","2334","290","639",".454","82","217",".378","208","422",".493",".518","99","118",".839","29","176","205","136","85","28","72","134","761"
"100","Jusuf Nurkic",2018,11111111,101869000,5,"23","POR","79","79","2088","480","951",".505","0","7",".000","480","944",".508",".505","172","273",".630","189","519","708","143","64","111","183","247","1132"
"101","Pau Gasol",2017,1.6e+07,99093000,5,"36","SAS","64","39","1627","303","604",".502","56","104",".538","247","500",".494",".548","130","184",".707","107","394","501","150","24","70","81","110","792"
"102","Andre Iguodala",2017,14814815,99093000,3,"33","GSW","76","0","1998","219","415",".528","64","177",".362","155","238",".651",".605","72","102",".706","51","253","304","261","76","39","58","97","574"
"103","Kemba Walker",2015,1.2e+07,7e+07,1,"24","CHO","62","58","2119","378","981",".385","85","280",".304","293","701",".418",".429","234","283",".827","35","185","220","318","89","31","100","92","1075"
"104","John Henson",2016,12267606,94143000,5,"25","MIL","57","1","960","164","291",".564","0","1",".000","164","290",".566",".564","69","117",".590","87","134","221","54","18","109","64","131","397"
"105","Solomon Hill",2016,11709603,94143000,3,"24","IND","59","3","866","93","208",".447","24","74",".324","69","134",".515",".505","36","42",".857","39","127","166","57","37","11","33","68","246"
"106","TJ Warren",2018,11750000,101869000,3,"24","PHO","65","65","2142","529","1063",".498","20","90",".222","509","973",".523",".507","193","255",".757","125","208","333","85","65","41","85","149","1271"
"107","Robert Covington",2018,10464092,101869000,3,"27","PHI","80","80","2532","345","836",".413","203","550",".369","142","286",".497",".534","116","136",".853","55","378","433","156","137","72","126","238","1009"
"108","Wilson Chandler",2015,10449438,7e+07,3,"27","DEN","78","75","2471","418","975",".429","139","406",".342","279","569",".490",".500","110","142",".775","96","379","475","134","58","29","110","231","1085"
"109","Tony Snell",2017,9821429,99093000,2,"25","MIL","80","80","2336","246","541",".455","144","355",".406","102","186",".548",".588","47","58",".810","22","226","248","96","55","14","55","125","683"
"111","James Johnson",2017,13734000,99093000,4,"29","MIA","76","5","2085","368","769",".479","87","256",".340","281","513",".548",".535","152","215",".707","66","310","376","276","76","86","171","197","975"
"112","Maurice Harkless",2016,8988764,94143000,3,"22","POR","78","14","1457","195","411",".474","39","140",".279","156","271",".576",".522","69","111",".622","101","179","280","67","49","35","62","124","498"
"113","Alec Burks",2015,9213484,7e+07,2,"23","UTA","27","27","899","121","300",".403","26","68",".382","95","232",".409",".447","106","129",".822","19","95","114","82","17","5","52","64","374"
"114","Jon Leuer",2016,10991957,94143000,4,"26","PHO","67","27","1255","224","466",".481","42","110",".382","182","356",".511",".526","77","101",".762","76","297","373","72","38","30","75","125","567"
"115","Norman Powell",2018,9367200,101869000,2,"24","TOR","70","18","1062","150","374",".401","53","186",".285","97","188",".516",".472","32","39",".821","14","105","119","89","37","16","66","111","385"
"116","Josh Richardson",2018,9367200,101869000,3,"24","MIA","81","81","2689","399","885",".451","127","336",".378","272","549",".495",".523","120","142",".845","69","216","285","231","121","75","140","199","1045"
"117","Meyers Leonard",2016,9213484,94143000,4,"23","POR","61","10","1333","195","435",".448","86","228",".377","109","207",".527",".547","35","46",".761","51","263","314","92","8","18","77","183","511"
"118","Mason Plumlee",2017,14041096,99093000,5,"26","TOT","81","64","2148","334","623",".536","0","6",".000","334","617",".541",".536","174","300",".580","170","435","605","284","69","92","134","226","842"
"119","Danny Green",2015,1e+07,7e+07,2,"27","SAS","81","80","2312","322","738",".436","191","457",".418","131","281",".466",".566","111","127",".874","54","289","343","158","101","87","93","163","946"
"120","Iman Shumpert",2015,8988765,7e+07,2,"24","TOT","62","25","1545","193","471",".410","67","196",".342","126","275",".458",".481","43","64",".672","55","169","224","135","81","16","91","138","496"
"121","Matthew Dellavedova",2016,9607500,94143000,1,"25","CLE","76","14","1867","207","511",".405","98","239",".410","109","272",".401",".501","57","66",".864","33","129","162","337","44","9","116","178","569"
"122","Jeremy Lin",2016,11483254,94143000,2,"27","CHO","78","13","2048","300","728",".412","76","226",".336","224","502",".446",".464","238","292",".815","42","211","253","235","58","42","150","165","914"
"123","Derrick Favors",2018,16900000,101869000,5,"26","UTA","77","77","2153","395","702",".563","14","63",".222","381","639",".596",".573","140","215",".651","198","354","552","102","54","82","88","164","944"
"124","Dwight Powell",2016,8375000,94143000,4,"24","DAL","69","2","992","146","296",".493","2","16",".125","144","280",".514",".497","105","142",".739","84","189","273","44","36","24","40","118","399"
"125","Kyle Anderson",2018,8641000,101869000,3,"24","SAS","74","67","1978","231","438",".527","19","57",".333","212","381",".556",".549","104","146",".712","84","312","396","202","115","60","94","114","585"
"126","Jae Crowder",2015,6796117,7e+07,3,"24","TOT","82","17","1647","229","545",".420","61","208",".293","168","337",".499",".476","109","141",".773","72","221","293","94","72","25","49","137","628"
"128","ETwaun Moore",2016,8801363,94143000,2,"26","CHI","59","22","1263","187","389",".481","47","104",".452","140","285",".491",".541","22","35",".629","19","114","133","99","37","18","53","103","443"
"129","Dante Exum",2018,10600000,101869000,1,"22","UTA","14","0","235","42","87",".483","5","18",".278","37","69",".536",".511","25","31",".806","4","22","26","43","8","3","20","20","114"
"130","Kosta Koufos",2015,7700000,7e+07,5,"25","MEM","81","3","1348","182","358",".508","0","0","","182","358",".508",".508","55","85",".647","121","305","426","37","29","63","69","148","419"
"131","Markieff Morris",2015,8e+06,7e+07,4,"25","PHO","82","82","2581","512","1100",".465","57","179",".318","455","921",".494",".491","177","232",".763","110","396","506","192","101","39","170","245","1258"
"132","Cristiano Felicio",2017,7843500,99093000,5,"24","CHI","66","0","1040","128","221",".579","0","0","","128","221",".579",".579","60","93",".645","124","187","311","40","25","17","33","110","316"
"133","PJ Tucker",2017,7590035,99093000,3,"31","TOT","81","21","2236","199","482",".413","70","196",".357","129","286",".451",".485","72","93",".774","117","354","471","99","116","19","66","196","540"
"134","Terrence Ross",2016,1e+07,94143000,3,"24","TOR","73","7","1747","270","626",".431","131","339",".386","139","287",".484",".536","49","62",".790","21","164","185","56","54","25","46","120","720"
"135","Jared Dudley",2016,10470000,94143000,4,"30","WAS","81","41","2098","233","487",".478","100","238",".420","133","249",".534",".581","72","98",".735","54","232","286","170","75","18","80","190","638"
"136","Al-Farouq Aminu",2015,8042895,7e+07,3,"24","DAL","74","3","1366","147","357",".412","34","124",".274","113","233",".485",".459","84","118",".712","114","228","342","59","70","62","55","137","412"
"137","Andre Roberson",2017,9259260,99093000,3,"25","OKC","79","79","2376","215","463",".464","45","184",".245","170","279",".609",".513","47","111",".423","98","305","403","79","94","79","51","204","522"
"138","Cory Joseph",2015,7e+06,7e+07,1,"23","SAS","79","14","1444","207","411",".504","16","44",".364","191","367",".520",".523","105","143",".734","44","148","192","188","46","17","67","105","535"
"139","DJ Augustin",2016,7250000,94143000,1,"28","TOT","62","0","1178","148","350",".423","68","168",".405","80","182",".440",".520","103","128",".805","8","87","95","198","38","4","84","85","467"
"140","Taj Gibson",2017,1.4e+07,99093000,4,"31","TOT","78","71","1989","365","709",".515","3","13",".231","362","696",".520",".517","113","158",".715","158","327","485","73","41","65","105","163","846"
"141","Lance Thomas",2016,6191000,94143000,4,"27","NYK","59","5","1313","169","382",".442","44","109",".404","125","273",".458",".500","102","119",".857","34","97","131","53","22","7","57","109","484"
"142","Jerami Grant",2018,8333333,101869000,4,"23","OKC","81","1","1647","244","456",".535","32","110",".291","212","346",".613",".570","162","240",".675","86","233","319","57","31","77","54","155","682"
"143","Jerryd Bayless",2016,9424084,94143000,2,"27","MIL","52","18","1505","185","437",".423","101","231",".437","84","206",".408",".539","70","90",".778","21","120","141","163","47","11","73","111","541"
"144","Bogdan Bogdanovic",2017,9470614,99093000,2,"25","SAC","78","53","2175","344","772",".446","129","329",".392","215","443",".485",".529","100","119",".840","31","192","223","258","72","16","125","172","917"
"145","Ben Simmons",2017,5903160,99093000,1,"21","PHI","81","81","2732","544","998",".545","0","11",".000","544","987",".551",".545","191","341",".560","145","514","659","661","140","70","278","211","1279"
"147","Karl-Anthony Towns",2015,5703600,7e+07,5,"20","MIN","82","82","2627","625","1153",".542","30","88",".341","595","1065",".559",".555","223","275",".811","229","629","858","161","58","138","183","245","1503"
"148","Markelle Fultz",2017,7026240,99093000,2,"19","PHI","14","0","253","45","111",".405","0","1",".000","45","110",".409",".405","10","21",".476","11","32","43","53","12","4","17","22","100"
"149","CJ Miles",2017,7936509,99093000,3,"29","IND","76","29","1776","281","647",".434","169","409",".413","112","238",".471",".565","84","93",".903","30","199","229","48","46","25","40","151","815"
"150","Avery Bradley",2018,1.2e+07,101869000,2,"27","TOT","46","46","1433","259","625",".414","75","203",".369","184","422",".436",".474","63","82",".768","22","94","116","94","51","8","101","92","656"
"151","Zach Randolph",2017,12307692,99093000,4,"35","MEM","73","5","1786","433","964",".449","21","94",".223","412","870",".474",".460","141","193",".731","182","416","598","122","38","10","99","136","1028"
"152","Garrett Temple",2016,8e+06,94143000,3,"29","WAS","80","43","1951","201","505",".398","89","258",".345","112","247",".453",".486","91","125",".728","36","176","212","140","69","18","64","195","582"
"153","Lou Williams",2018,8e+06,101869000,2,"31","LAC","79","19","2589","582","1337",".435","186","518",".359","396","819",".484",".505","432","491",".880","40","158","198","417","85","19","234","106","1782"
"154","Brandon Ingram",2016,5281680,94143000,3,"19","LAL","79","40","2279","276","686",".402","55","187",".294","221","499",".443",".442","133","214",".621","60","256","316","166","50","36","116","158","740"
"155","Shaun Livingston",2017,7692308,99093000,1,"31","GSW","76","3","1345","173","316",".547","1","3",".333","172","313",".550",".549","42","60",".700","28","123","151","139","38","20","62","120","389"
"156","Patrick Beverley",2015,6486486,7e+07,1,"26","HOU","56","55","1727","204","532",".383","115","323",".356","89","209",".426",".492","45","60",".750","67","170","237","192","59","23","83","182","568"
"157","DAngelo Russell",2015,5103120,7e+07,1,"19","LAL","80","48","2259","392","956",".410","130","370",".351","262","586",".447",".478","140","190",".737","47","227","274","266","93","13","196","142","1054"
"158","DeAndre Jordan",2018,22897200,101869000,5,"29","LAC","77","77","2424","373","578",".645","0","0","","373","578",".645",".645","181","312",".580","329","842","1171","117","39","71","137","203","927"
"159","Lonzo Ball",2017,6286560,99093000,1,"20","LAL","52","50","1780","203","564",".360","90","295",".305","113","269",".420",".440","32","71",".451","69","291","360","376","88","43","136","117","528"
"160","Kyle Korver",2017,7e+06,99093000,2,"35","TOT","67","22","1753","239","515",".464","162","359",".451","77","156",".494",".621","38","42",".905","7","179","186","110","34","21","69","107","678"
"161","Doug McDermott",2018,7333334,101869000,3,"26","TOT","81","4","1768","237","508",".467","92","216",".426","145","292",".497",".557","64","81",".790","40","160","200","79","19","16","56","122","630"
"162","Jaylen Brown",2016,4743000,94143000,3,"20","BOS","78","20","1341","192","423",".454","46","135",".341","146","288",".507",".508","85","124",".685","45","175","220","64","35","18","68","142","515"
"163","Ersan Ilyasova",2018,7e+06,101869000,4,"30","TOT","69","43","1729","277","613",".452","91","253",".360","186","360",".517",".526","105","135",".778","118","287","405","90","61","26","72","157","750"
"164","Bojan Bogdanovic",2017,10500000,99093000,3,"27","TOT","81","54","2083","376","845",".445","144","392",".367","232","453",".512",".530","217","243",".893","37","240","277","111","34","7","131","146","1113"
"165","Jeremy Lamb",2016,7e+06,94143000,2,"23","CHO","66","0","1227","230","510",".451","56","181",".309","174","329",".529",".506","64","88",".727","44","208","252","77","42","30","50","105","580"
"166","Langston Galloway",2017,6666667,99093000,1,"25","TOT","74","2","1495","207","545",".380","120","308",".390","87","237",".367",".490","51","64",".797","27","129","156","93","46","6","46","96","585"
"167","Boban Marjanovic",2016,5628000,94143000,5,"27","SAS","54","4","508","105","174",".603","0","0","","105","174",".603",".603","87","114",".763","73","121","194","21","12","23","29","54","297"
"168","Nemanja Bjelica",2018,6500000,101869000,4,"29","MIN","67","21","1371","171","371",".461","76","183",".415","95","188",".505",".563","36","45",".800","53","221","274","86","50","16","52","141","454"
"169","Jayson Tatum",2017,5645400,99093000,3,"19","BOS","80","80","2438","397","835",".475","105","242",".434","292","593",".492",".538","213","258",".826","50","352","402","128","83","58","114","170","1112"
"170","Darren Collison",2017,1e+07,99093000,1,"29","SAC","68","64","2063","340","714",".476","73","175",".417","267","539",".495",".527","147","171",".860","23","129","152","312","67","9","114","119","900"
"171","Marcus Morris",2015,5e+06,7e+07,4,"25","PHO","81","35","2045","331","763",".434","112","313",".358","219","450",".487",".507","71","113",".628","73","312","385","133","63","16","73","188","845"
"172","Jonathon Simmons",2017,6300000,99093000,2,"27","SAS","78","8","1392","177","421",".420","30","102",".294","147","319",".461",".456","99","132",".750","20","140","160","126","47","25","76","146","483"
"173","Jabari Parker",2018,2e+07,101869000,4,"22","MIL","31","3","743","160","332",".482","31","81",".383","129","251",".514",".529","40","54",".741","42","109","151","59","25","10","45","50","391"
"174","Kristaps Porzingis",2015,4131720,7e+07,4,"20","NYK","72","72","2047","373","886",".421","81","243",".333","292","643",".454",".467","201","240",".838","132","394","526","94","53","134","121","205","1028"
"175","Fred VanVleet",2018,8653847,101869000,1,"23","TOR","76","0","1520","232","545",".426","108","261",".414","124","284",".437",".525","84","101",".832","25","159","184","243","68","19","74","130","656"
"176","Ish Smith",2016,6e+06,94143000,1,"27","TOT","77","53","2239","397","967",".411","56","170",".329","341","797",".428",".440","122","176",".693","43","262","305","502","88","24","175","133","972"
"178","Julius Randle",2018,8641000,101869000,5,"23","LAL","82","49","2190","504","904",".558","10","45",".222","494","859",".575",".563","305","425",".718","181","473","654","210","43","45","213","274","1323"
"179","Wesley Johnson",2016,5628000,94143000,3,"28","LAC","80","9","1666","208","515",".404","103","309",".333","105","206",".510",".504","30","46",".652","37","211","248","49","89","56","54","173","549"
"180","Alex Abrines",2016,5994764,94143000,2,"23","OKC","68","6","1055","134","341",".393","94","247",".381","40","94",".426",".531","44","49",".898","18","68","86","40","37","8","33","114","406"
"182","Patrick Patterson",2017,5192000,99093000,4,"27","TOR","65","8","1599","154","384",".401","94","253",".372","60","131",".458",".523","43","60",".717","62","231","293","76","40","23","38","120","445"
"183","JaMychal Green",2017,8533333,99093000,4,"26","MEM","77","75","2101","250","500",".500","55","145",".379","195","355",".549",".555","134","167",".802","167","377","544","84","47","34","94","248","689"
"184","JJ Barea",2015,4290000,7e+07,1,"30","DAL","77","10","1362","225","536",".420","54","167",".323","171","369",".463",".470","76","94",".809","23","111","134","263","33","1","70","104","580"
"185","Joe Harris",2018,8333333,101869000,2,"26","BRK","78","14","1975","305","621",".491","150","358",".419","155","263",".589",".612","86","104",".827","51","209","260","128","35","20","91","153","846"
"186","Buddy Hield",2016,3517200,94143000,2,"24","TOT","82","55","1888","327","767",".426","148","379",".391","179","388",".461",".523","64","76",".842","35","234","269","121","38","9","101","115","866"
"188","Jason Smith",2016,5e+06,94143000,5,"29","ORL","76","2","1181","244","503",".485","4","16",".250","240","487",".493",".489","54","67",".806","53","166","219","62","33","65","57","163","546"
"189","Willie Cauley-Stein",2015,3398280,7e+07,5,"22","SAC","66","39","1412","191","339",".563","0","2",".000","191","337",".567",".563","81","125",".648","134","218","352","37","48","66","46","146","463"
"190","Nikola Mirotic",2017,12500000,99093000,4,"25","CHI","70","15","1679","258","625",".413","129","377",".342","129","248",".520",".516","99","128",".773","61","323","384","75","53","55","80","128","744"
"191","Trevor Ariza",2018,1.5e+07,101869000,3,"32","HOU","67","67","2269","268","651",".412","170","462",".368","98","189",".519",".542","76","89",".854","33","261","294","105","98","13","52","132","782"
"192","Jonathan Isaac",2017,4186320,99093000,4,"20","ORL","27","10","536","55","145",".379","16","46",".348","39","99",".394",".434","19","25",".760","16","83","99","18","33","30","27","48","145"
"193","Jamal Murray",2016,3210840,94143000,2,"19","DEN","82","10","1764","295","730",".404","115","344",".334","180","386",".466",".483","106","120",".883","41","173","214","170","51","24","113","124","811"
"194","Davis Bertans",2018,7e+06,101869000,4,"25","SAS","77","10","1086","161","366",".440","94","252",".373","67","114",".588",".568","40","49",".816","18","135","153","74","26","28","36","93","456"
"196","Dewayne Dedmon",2017,6900000,99093000,5,"27","SAS","76","37","1330","161","259",".622","0","0","","161","259",".622",".622","65","93",".699","129","367","496","44","37","61","61","180","387"
"197","Emmanuel Mudiay",2015,3102240,7e+07,1,"19","DEN","68","66","2068","329","905",".364","74","232",".319","255","673",".379",".404","140","209",".670","32","200","232","372","65","35","217","141","872"
"198","Dragan Bender",2016,4276320,94143000,4,"19","PHO","43","0","574","57","161",".354","28","101",".277","29","60",".483",".441","4","11",".364","23","80","103","23","10","22","32","74","146"
"199","Stanley Johnson",2015,2841960,7e+07,3,"19","DET","73","6","1687","225","600",".375","63","205",".307","162","395",".410",".428","80","102",".784","58","248","306","118","55","12","114","178","593"
"201","Frank Ntilikina",2017,3501120,99093000,1,"19","NYK","78","9","1706","182","500",".364","50","157",".318","132","343",".385",".414","49","68",".721","37","140","177","250","65","18","131","181","463"
"202","Tyreke Evans",2018,12400000,101869000,1,"28","MEM","52","32","1607","366","809",".452","114","286",".399","252","523",".482",".523","164","209",".785","44","221","265","269","57","17","117","96","1010"
"203","Milos Teodosic",2017,6e+06,99093000,1,"30","LAC","45","36","1134","151","360",".419","88","232",".379","63","128",".492",".542","39","46",".848","16","110","126","209","23","5","97","103","429"
"204","JJ Redick",2018,12250000,101869000,2,"33","PHI","70","70","2116","404","879",".460","193","460",".420","211","419",".504",".569","197","218",".904","9","169","178","210","35","6","103","123","1198"
"205","Jakob Poeltl",2016,2703960,94143000,5,"21","TOR","54","4","626","67","115",".583","0","0","","67","115",".583",".583","31","57",".544","78","87","165","12","17","20","29","113","165"
"206","Kris Dunn",2016,3872520,94143000,1,"22","MIN","78","7","1333","118","313",".377","21","73",".288","97","240",".404",".411","36","59",".610","24","142","166","188","78","36","89","178","293"
"207","Montrezl Harrell",2018,6e+06,101869000,5,"24","LAC","76","3","1293","348","548",".635","1","7",".143","347","541",".641",".636","139","222",".626","103","203","306","74","36","52","68","143","836"
"208","Marco Belinelli",2018,6153846,101869000,2,"31","TOT","80","2","1947","337","764",".441","149","395",".377","188","369",".509",".539","148","163",".908","20","131","151","148","66","12","94","91","971"
"209","Kentavious Caldwell-Pope",2018,1.2e+07,101869000,2,"24","LAL","74","74","2458","340","798",".426","159","415",".383","181","383",".473",".526","153","194",".789","60","327","387","162","106","16","97","145","992"
"210","Frank Kaminsky",2015,2612520,7e+07,5,"22","CHO","81","3","1708","215","525",".410","68","202",".337","147","323",".455",".474","108","148",".730","69","266","335","98","38","43","58","126","606"
"212","Thon Maker",2016,2568600,94143000,5,"19","MIL","57","34","562","83","181",".459","28","74",".378","55","107",".514",".536","32","49",".653","40","74","114","23","10","26","17","84","226"
"213","Dennis Smith",2017,3218280,99093000,1,"20","DAL","69","69","2049","404","1024",".395","106","339",".313","298","685",".435",".446","134","193",".694","50","210","260","358","71","18","194","152","1048"
"214","Justise Winslow",2015,2481720,7e+07,3,"19","MIA","78","8","2232","195","462",".422","32","116",".276","163","346",".471",".457","80","117",".684","81","322","403","117","68","26","95","184","502"
"215","Domantas Sabonis",2016,2440200,94143000,4,"20","OKC","81","66","1632","192","481",".399","51","159",".321","141","322",".438",".452","44","67",".657","46","242","288","82","39","32","83","200","479"
"216","Josh Jackson",2017,5090040,99093000,3,"20","PHO","77","35","1959","389","932",".417","57","217",".263","332","715",".464",".448","177","279",".634","95","256","351","119","80","35","146","218","1012"
"217","Nene Hilario",2017,3477600,99093000,5,"34","HOU","67","8","1198","245","397",".617","3","9",".333","242","388",".624",".621","116","197",".589","95","187","282","65","56","39","73","163","609"
"218","Dwight Howard",2018,24256725,101869000,5,"32","CHO","81","81","2463","506","911",".555","1","7",".143","505","904",".559",".556","334","582",".574","255","757","1012","105","48","131","208","249","1347"
"219","Zach Collins",2017,3057240,99093000,5,"20","POR","66","1","1045","115","289",".398","35","113",".310","80","176",".455",".458","27","42",".643","45","176","221","52","17","31","58","133","292"
"220","Myles Turner",2015,2277960,7e+07,5,"19","IND","60","30","1367","264","530",".498","3","14",".214","261","516",".506",".501","88","121",".727","68","264","332","41","25","86","67","158","619"
"221","Dario Saric",2016,2318280,94143000,4,"22","PHI","81","36","2129","381","927",".411","106","341",".311","275","586",".469",".468","172","220",".782","112","401","513","182","57","30","183","162","1040"
"223","Ben McLemore",2017,5200000,99093000,2,"23","SAC","61","26","1176","180","419",".430","65","170",".382","115","249",".462",".507","70","93",".753","19","110","129","51","29","6","62","108","495"
"224","Aron Baynes",2018,5193600,101869000,5,"31","BOS","81","67","1485","210","446",".471","3","21",".143","207","425",".487",".474","59","78",".756","130","304","434","93","22","51","80","200","482"
"226","Thabo Sefolosha",2017,5250000,99093000,3,"32","ATL","62","42","1596","174","395",".441","41","120",".342","133","275",".484",".492","55","75",".733","54","216","270","107","96","31","58","97","444"
"227","Trey Lyles",2015,2239800,7e+07,4,"20","UTA","80","33","1382","191","436",".438","49","128",".383","142","308",".461",".494","57","82",".695","59","240","299","59","26","18","65","114","488"
"228","Malik Monk",2017,2904480,99093000,2,"19","CHO","63","0","854","153","425",".360","83","243",".342","70","182",".385",".458","32","38",".842","8","58","66","91","20","9","49","60","421"
"229","Rudy Gay",2018,10087200,101869000,4,"31","SAS","57","6","1231","253","537",".471","37","118",".314","216","419",".516",".506","112","145",".772","76","215","291","73","46","38","78","98","655"
"230","Troy Daniels",2016,3332940,94143000,2,"24","CHO","43","0","476","89","187",".476","59","122",".484","30","65",".462",".634","5","9",".556","7","50","57","21","11","3","24","40","242"
"231","Tony Parker",2018,5e+06,101869000,1,"35","SAS","55","21","1071","178","388",".459","10","37",".270","168","351",".479",".472","55","78",".705","7","88","95","195","28","1","68","52","421"
"232","Mike Muscala",2017,5e+06,99093000,5,"25","ATL","70","3","1237","170","337",".504","46","110",".418","124","227",".546",".573","49","64",".766","76","164","240","95","30","41","55","97","435"
"233","Devin Booker",2015,2055840,7e+07,2,"19","PHO","76","51","2108","367","867",".423","99","289",".343","268","578",".464",".480","215","256",".840","27","160","187","200","44","20","160","225","1048"
"234","Luke Kennard",2017,2759280,99093000,2,"21","DET","73","9","1463","206","465",".443","81","195",".415","125","270",".463",".530","65","76",".855","21","155","176","124","44","13","69","86","558"
"236","Juan Hernangomez",2016,1987440,94143000,4,"21","DEN","62","9","842","101","224",".451","46","113",".407","55","111",".495",".554","57","76",".750","43","144","187","29","30","12","31","62","305"
"238","Kelly Oubre",2015,1920240,7e+07,3,"20","WAS","63","9","671","90","211",".427","25","79",".316","65","132",".492",".486","31","49",".633","25","108","133","13","22","7","34","100","236"
"239","Marquese Chriss",2016,2941440,94143000,4,"19","PHO","82","75","1743","284","632",".449","72","224",".321","212","408",".520",".506","113","181",".624","96","252","348","60","67","70","108","263","753"
"240","Rajon Rondo",2018,9e+06,101869000,1,"31","NOP","65","63","1705","231","494",".468","50","150",".333","181","344",".526",".518","25","46",".543","31","232","263","533","70","10","151","119","537"
"241","Tomas Satoransky",2016,2870813,94143000,2,"25","WAS","57","3","719","61","147",".415","9","37",".243","52","110",".473",".446","23","33",".697","25","58","83","92","26","6","38","60","154"
"242","Justin Holiday",2017,4500000,99093000,2,"27","NYK","82","4","1639","233","538",".433","97","273",".355","136","265",".513",".523","66","80",".825","27","198","225","102","65","31","66","109","629"
"243","Bam Adebayo",2017,2490360,99093000,5,"20","MIA","69","19","1368","174","340",".512","0","7",".000","174","333",".523",".512","129","179",".721","118","263","381","101","32","41","66","138","477"
"245","Terry Rozier",2015,1824360,7e+07,1,"21","BOS","39","0","311","29","106",".274","6","27",".222","23","79",".291",".302","8","10",".800","24","39","63","37","6","1","19","23","72"
"246","Alex Len",2018,4350000,101869000,5,"24","PHO","69","13","1395","214","378",".566","1","3",".333","213","375",".568",".567","158","231",".684","175","343","518","82","27","61","78","158","587"
"247","Lucas Nogueira",2014,1762680,63065000,5,"22","TOR","6","0","23","2","8",".250","0","0","","2","8",".250",".250","2","4",".500","2","9","11","1","2","0","2","6","6"
"248","Justin Jackson",2017,2365560,99093000,3,"22","SAC","68","41","1506","185","419",".442","57","185",".308","128","234",".547",".510","26","36",".722","27","160","187","74","28","13","40","81","453"
"249","Lauri Markkanen",2017,3821640,99093000,4,"20","CHI","68","68","2020","374","862",".434","145","401",".362","229","461",".497",".518","140","166",".843","79","429","508","79","39","40","83","103","1033"
"250","Cedi Osman",2017,2642857,99093000,3,"22","CLE","61","12","672","90","186",".484","32","87",".368","58","99",".586",".570","26","46",".565","19","101","120","41","22","3","32","78","238"
"252","Guerschon Yabusele",2017,2247480,99093000,4,"22","BOS","33","4","235","26","61",".426","12","37",".324","14","24",".583",".525","15","22",".682","17","35","52","16","4","5","12","23","79"
"253","Sam Dekker",2015,1646400,7e+07,4,"21","HOU","3","0","6","0","0","","0","0","","0","0","","","0","0","","0","1","1","0","1","0","0","0","0"
"254","Malik Beasley",2016,1627320,94143000,2,"20","DEN","22","1","165","33","73",".452","9","28",".321","24","45",".533",".514","8","10",".800","5","12","17","11","7","0","8","10","83"
"256","DJ Wilson",2017,2135040,99093000,4,"21","MIL","22","0","71","9","16",".563","2","5",".400","7","11",".636",".625","1","2",".500","2","8","10","3","3","1","4","7","21"
"257","Jerian Grant",2015,1572360,7e+07,1,"23","NYK","76","6","1265","154","391",".394","22","100",".220","132","291",".454",".422","96","123",".780","23","120","143","177","50","10","87","97","426"
"258","Caris LeVert",2016,1562280,94143000,3,"22","BRK","57","26","1237","171","380",".450","59","184",".321","112","196",".571",".528","67","93",".720","23","165","188","110","49","8","59","91","468"
"261","DeAndre Bembry",2016,1499760,94143000,3,"22","ATL","38","1","371","47","98",".480","1","18",".056","46","80",".575",".485","6","16",".375","14","45","59","28","8","5","16","21","101"
"262","Delon Wright",2015,1509360,7e+07,1,"23","TOR","27","1","229","36","80",".450","5","13",".385","31","67",".463",".481","26","35",".743","8","29","37","31","8","3","16","7","103"
"263","TJ Leaf",2017,2028360,99093000,4,"20","IND","53","0","459","64","136",".471","18","42",".429","46","94",".489",".537","10","16",".625","29","53","82","9","5","4","10","45","156"
"264","Justin Anderson",2015,1449000,7e+07,3,"22","DAL","55","9","647","71","175",".406","22","83",".265","49","92",".533",".469","44","55",".800","18","114","132","29","19","25","24","45","208"
"267","John Collins",2017,1936920,99093000,4,"20","ATL","74","26","1785","314","545",".576","16","47",".340","298","498",".598",".591","133","186",".715","176","365","541","98","47","80","105","215","777"
"268","Bobby Portis",2015,1344120,7e+07,4,"20","CHI","62","4","1102","186","436",".427","16","52",".308","170","384",".443",".445","48","66",".727","123","214","337","52","25","22","54","100","436"
"269","Rondae Hollis-Jefferson",2015,1335480,7e+07,3,"21","BRK","29","17","615","63","138",".457","4","14",".286","59","124",".476",".471","37","52",".712","39","115","154","43","39","16","26","61","167"
"272","Ekpe Udoh",2017,3200000,99093000,5,"30","UTA","63","3","810","60","120",".500","0","1",".000","60","119",".504",".500","42","56",".750","68","82","150","53","43","74","20","105","162"
"273","Denzel Valentine",2016,2092200,94143000,2,"23","CHI","57","0","976","102","288",".354","73","208",".351","29","80",".363",".481","14","18",".778","11","140","151","63","30","7","49","86","291"
"274","Tyus Jones",2015,1282080,7e+07,1,"19","MIN","37","0","573","56","156",".359","16","53",".302","40","103",".388",".410","28","39",".718","7","40","47","108","31","3","33","33","156"
"275","Mario Hezonja",2018,6500000,101869000,3,"22","ORL","75","30","1657","273","617",".442","90","267",".337","183","350",".523",".515","86","105",".819","41","240","281","106","81","31","86","134","722"
"276","Pascal Siakam",2016,1196040,94143000,4,"22","TOR","55","38","859","103","205",".502","1","7",".143","102","198",".515",".505","22","32",".688","64","121","185","17","26","45","33","109","229"
"277","Jarell Martin",2015,1230840,7e+07,4,"21","MEM","27","0","380","54","116",".466","0","2",".000","54","114",".474",".466","45","62",".726","39","47","86","15","8","7","19","58","153"
"278","Skal Labissiere",2016,1188840,94143000,4,"20","SAC","33","12","612","117","218",".537","3","8",".375","114","210",".543",".544","52","74",".703","51","111","162","27","16","13","37","64","289"
"279","Terrance Ferguson",2017,1785000,99093000,2,"19","OKC","61","12","763","70","169",".414","40","120",".333","30","49",".612",".533","9","10",".900","19","28","47","19","24","10","11","83","189"
"280","Dejounte Murray",2016,1180080,94143000,1,"20","SAS","38","8","322","50","116",".431","9","23",".391","41","93",".441",".470","21","30",".700","6","36","42","48","8","6","38","29","130"
"281","Damian Jones",2016,1171560,94143000,5,"21","GSW","10","0","85","8","16",".500","0","0","","8","16",".500",".500","3","10",".300","9","14","23","0","1","4","6","15","19"
"283","Wayne Ellington",2018,6270000,101869000,2,"30","MIA","77","2","2041","285","700",".407","227","579",".392","58","121",".479",".569","67","78",".859","23","195","218","79","53","8","52","94","864"
"284","Yogi Ferrell",2018,3e+06,101869000,2,"24","DAL","82","21","2282","311","730",".426","134","359",".373","177","371",".477",".518","82","103",".796","26","223","249","201","64","9","78","153","838"
"285","Jarrett Allen",2017,1713720,99093000,5,"19","BRK","72","31","1441","234","397",".589","5","15",".333","229","382",".599",".596","114","147",".776","144","244","388","49","28","88","82","147","587"
"287","Larry Nance",2015,1155600,7e+07,4,"23","LAL","63","22","1266","158","300",".527","1","10",".100","157","290",".541",".528","32","47",".681","101","211","312","44","54","23","41","124","349"
"288","Semi Ojeleye",2017,1291892,99093000,4,"23","BOS","73","0","1150","65","188",".346","40","125",".320","25","63",".397",".452","25","41",".610","37","124","161","20","21","4","25","91","195"
"289","Bryn Forbes",2018,3125000,101869000,2,"24","SAS","80","12","1517","209","497",".421","89","228",".390","120","269",".446",".510","48","72",".667","12","98","110","80","28","2","37","108","555"
"292","Ante Zizic",2017,1645200,99093000,5,"21","CLE","32","2","214","49","67",".731","0","0","","49","67",".731",".731","21","29",".724","24","36","60","5","2","13","11","30","119"
"293","OG Anunoby",2017,1645200,99093000,3,"20","TOR","74","62","1481","163","346",".471","73","197",".371","90","149",".604",".577","39","62",".629","44","140","184","55","52","14","45","130","438"
"294","Willy Hernangomez",2016,1375000,94143000,5,"22","NYK","72","22","1324","246","465",".529","4","15",".267","242","450",".538",".533","91","125",".728","170","332","502","96","41","36","100","150","587"
"295","Anthony Tolliver",2018,5750000,101869000,4,"32","DET","79","14","1757","219","472",".464","159","365",".436","60","107",".561",".632","106","133",".797","50","191","241","90","32","21","58","144","703"
"296","Donovan Mitchell",2017,2621280,99093000,2,"21","UTA","79","71","2638","595","1362",".437","187","550",".340","408","812",".502",".506","239","297",".805","52","244","296","291","118","27","215","213","1616"
"301","Henry Ellenson",2016,1704120,94143000,4,"20","DET","19","2","146","23","64",".359","10","35",".286","13","29",".448",".438","4","8",".500","8","33","41","7","1","1","14","6","60"
"302","DeMarcus Cousins",2018,5337000,101869000,5,"27","NOP","48","48","1737","406","864",".470","104","294",".354","302","570",".530",".530","294","394",".746","105","512","617","257","79","76","242","183","1210"
"303","Caleb Swanigan",2017,1465920,99093000,4,"20","POR","27","3","189","24","60",".400","1","8",".125","23","52",".442",".408","12","18",".667","15","39","54","14","5","3","18","37","61"
"304","Richaun Holmes",2015,1075000,7e+07,4,"22","PHI","51","1","702","114","222",".514","8","44",".182","106","178",".596",".532","51","74",".689","62","73","135","33","19","40","32","92","287"
"307","Kyle Kuzma",2017,1423560,99093000,4,"22","LAL","77","37","2401","468","1039",".450","159","434",".366","309","605",".511",".527","147","208",".707","88","395","483","141","49","34","140","160","1242"
"308","Derrick White",2017,1404600,99093000,1,"23","SAS","17","0","139","16","33",".485","8","13",".615","8","20",".400",".606","14","20",".700","5","21","26","9","4","3","6","8","54"
"309","Reggie Bullock",2017,2500000,99093000,3,"25","DET","31","5","467","54","128",".422","28","73",".384","26","55",".473",".531","5","7",".714","13","51","64","29","18","3","10","22","141"
"310","Dirk Nowitzki",2018,5e+06,101869000,5,"39","DAL","77","77","1900","346","758",".456","138","337",".409","208","421",".494",".547","97","108",".898","22","416","438","120","43","45","51","146","927"
"311","Josh Hart",2017,1394520,99093000,2,"22","LAL","63","23","1461","176","375",".469","78","197",".396","98","178",".551",".573","66","94",".702","42","221","263","80","47","16","47","107","496"
"312","Georges Niang",2018,1512601,101869000,4,"24","UTA","9","0","32","4","11",".364","0","4",".000","4","7",".571",".364","1","2",".500","3","6","9","3","2","0","3","1","9"
"313","Justin Patton",2017,2247480,99093000,5,"20","MIN","1","0","4","1","2",".500","0","0","","1","2",".500",".500","0","0","","0","0","0","0","1","0","0","1","2"
"316","Monte Morris",2018,1349383,101869000,1,"22","DEN","3","0","25","4","6",".667","0","1",".000","4","5",".800",".667","2","2","1.000","0","2","2","7","3","0","1","1","10"
"319","Malachi Richardson",2016,1439880,94143000,2,"21","SAC","22","0","198","28","68",".412","8","28",".286","20","40",".500",".471","15","19",".789","3","20","23","11","5","1","8","23","79"
"321","TJ McConnell",2015,525093,7e+07,1,"23","PHI","81","17","1606","218","464",".470","31","89",".348","187","375",".499",".503","26","41",".634","43","207","250","367","95","10","140","114","493"
"322","Kyle OQuinn",2018,4449000,101869000,5,"27","NYK","77","10","1387","224","384",".583","4","17",".235","220","367",".599",".589","98","127",".772","121","349","470","158","36","98","100","192","550"
"323","Lance Stephenson",2018,4449000,101869000,2,"27","IND","82","7","1850","303","709",".427","67","232",".289","236","477",".495",".475","84","127",".661","62","362","424","235","46","17","131","177","757"
"324","Ed Davis",2018,4449000,101869000,5,"28","POR","78","0","1471","170","292",".582","0","1",".000","170","291",".584",".582","74","111",".667","183","392","575","40","32","52","66","188","414"
"325","Raul Neto",2018,2100000,101869000,1,"25","UTA","41","0","498","69","151",".457","19","47",".404","50","104",".481",".520","26","35",".743","7","42","49","75","13","4","36","38","183"
"327","Luc Mbah a Moute",2018,4320500,101869000,4,"31","HOU","61","15","1564","166","345",".481","63","173",".364","103","172",".599",".572","65","95",".684","22","164","186","55","72","25","68","100","460"
"328","Mike Scott",2018,4320500,101869000,4,"29","WAS","76","1","1406","276","524",".527","66","163",".405","210","361",".582",".590","50","76",".658","50","197","247","80","23","10","79","148","668"
"329","Darius Miller",2017,2100000,99093000,3,"27","NOP","82","3","1944","216","487",".444","147","358",".411","69","129",".535",".594","58","67",".866","18","146","164","111","28","17","58","160","637"
"330","Timothe Luwawu-Cabarrot",2016,1326960,94143000,3,"21","PHI","69","19","1190","145","361",".402","50","161",".311","95","200",".475",".471","105","123",".854","25","124","149","75","32","10","73","154","445"
"331","Frank Mason",2017,1184385,99093000,1,"23","SAC","52","2","984","144","380",".379","31","86",".360","113","294",".384",".420","94","115",".817","30","100","130","147","34","10","65","72","413"
"332","Abdel Nader",2017,1167333,99093000,3,"24","BOS","48","1","522","50","149",".336","23","65",".354","27","84",".321",".413","23","39",".590","13","58","71","26","15","10","34","45","146"
"334","Damyean Dotson",2017,1100000,99093000,2,"23","NYK","44","2","474","72","161",".447","22","68",".324","50","93",".538",".516","16","23",".696","9","75","84","31","12","2","17","34","182"
"336","Glenn Robinson",2018,4075000,101869000,3,"24","IND","23","1","338","36","85",".424","14","34",".412","22","51",".431",".506","9","11",".818","11","26","37","17","13","1","5","14","95"
"338","Wesley Iwundu",2017,1050000,99093000,3,"23","ORL","62","12","1020","93","218",".427","9","46",".196","84","172",".488",".447","34","47",".723","36","101","137","57","33","12","30","81","229"
"339","Torrey Craig",2018,2e+06,101869000,3,"27","DEN","39","5","629","62","137",".453","17","58",".293","45","79",".570",".515","22","35",".629","40","87","127","25","12","15","20","63","163"
"341","Ike Anigbogu",2017,950000,99093000,5,"19","IND","11","0","30","4","9",".444","0","0","","4","9",".444",".444","5","6",".833","5","4","9","0","1","3","2","1","13"
"348","Ivica Zubac",2016,1034865,94143000,5,"19","LAL","38","11","609","126","238",".529","0","3",".000","126","235",".536",".529","32","49",".653","41","118","159","30","14","33","30","66","284"
"351","Dwayne Bacon",2017,815615,99093000,2,"22","CHO","53","6","713","72","192",".375","11","43",".256","61","149",".409",".404","20","25",".800","4","120","124","38","16","2","23","46","175"
"352","Dillon Brooks",2017,815615,99093000,3,"22","MEM","82","74","2350","340","772",".440","94","264",".356","246","508",".484",".501","124","166",".747","49","208","257","135","73","17","124","233","898"
"353","Sterling Brown",2017,815615,99093000,2,"22","MIL","54","4","776","82","205",".400","32","91",".352","50","114",".439",".478","21","24",".875","27","116","143","25","31","13","25","80","217"
"354","Sindarius Thornwell",2017,815615,99093000,2,"23","LAC","73","17","1156","100","233",".429","23","61",".377","77","172",".448",".479","59","88",".670","33","107","140","68","48","25","53","125","282"
"355","Royce ONeale",2017,815615,99093000,3,"24","UTA","69","4","1150","120","284",".423","42","118",".356","78","166",".470",".496","61","76",".803","25","211","236","95","36","16","55","105","343"
"356","Shabazz Napier",2018,1942422,101869000,1,"26","POR","74","10","1535","223","531",".420","82","218",".376","141","313",".450",".497","116","138",".841","26","144","170","150","81","14","90","84","644"
"357","Malcolm Brogdon",2016,875000,94143000,2,"24","MIL","75","28","1982","290","635",".457","78","193",".404","212","442",".480",".518","109","126",".865","47","166","213","317","84","12","113","140","767"
"358","Nerlens Noel",2018,1757429,101869000,5,"23","DAL","30","6","472","55","105",".524","0","1",".000","55","104",".529",".524","21","28",".750","48","120","168","20","31","22","26","59","131"
"365","Michael Beasley",2018,3500000,101869000,4,"29","NYK","74","30","1653","409","807",".507","34","86",".395","375","721",".520",".528","124","159",".780","97","317","414","123","36","43","143","145","976"
"366","Rodney Hood",2018,3472887,101869000,2,"25","TOT","60","23","1616","322","751",".429","127","333",".381","195","418",".467",".513","111","129",".860","22","143","165","95","45","12","70","105","882"
"367","James Ennis",2018,1621415,101869000,3,"27","TOT","72","22","1604","182","384",".474","51","153",".333","131","231",".567",".540","97","116",".836","73","151","224","71","47","18","56","134","512"
"368","Jake Layman",2016,6e+05,94143000,3,"22","POR","35","1","249","26","89",".292","13","51",".255","13","38",".342",".365","13","17",".765","6","18","24","11","9","3","11","22","78"
"369","Tyler Lydon",2017,1579440,99093000,4,"21","DEN","1","0","2","0","0","","0","0","","0","0","","","0","0","","0","0","0","0","0","0","0","0","0"
"370","Rodney McGruder",2016,543471,94143000,2,"25","MIA","78","65","1966","190","460",".413","73","220",".332","117","240",".488",".492","44","71",".620","94","162","256","124","46","18","56","140","497"
"371","Cheick Diallo",2016,543471,94143000,4,"20","NOP","17","0","199","36","76",".474","0","0","","36","76",".474",".474","15","21",".714","23","50","73","4","4","7","7","17","87"
"372","Dorian Finney-Smith",2016,543471,94143000,4,"23","DAL","81","35","1642","124","333",".372","56","191",".293","68","142",".479",".456","46","61",".754","55","167","222","67","52","25","45","125","350"
"373","Brook Lopez",2018,3382000,101869000,5,"29","LAL","74","72","1735","369","793",".465","112","325",".345","257","468",".549",".536","111","158",".703","74","220","294","126","30","98","98","195","961"
"375","Pat Connaughton",2018,1641000,101869000,2,"25","POR","82","5","1488","165","390",".423","74","210",".352","91","180",".506",".518","37","44",".841","36","125","161","91","23","22","43","120","441"
"376","Christian Wood",2015,1512601,7e+07,4,"20","PHI","17","0","145","22","53",".415","4","11",".364","18","42",".429",".453","13","21",".619","13","25","38","3","5","7","2","11","61"
"377","Treveon Graham",2018,1512601,101869000,2,"24","CHO","63","2","1050","96","221",".434","40","97",".412","56","124",".452",".525","41","59",".695","42","79","121","59","33","2","27","109","273"
"378","Derrick Jones",2018,1512601,101869000,3,"20","TOT","20","8","245","21","53",".396","3","18",".167","18","35",".514",".425","16","24",".667","21","17","38","9","4","13","7","24","61"
"379","Tony Bradley",2017,1414920,99093000,5,"20","UTA","9","0","29","3","11",".273","0","1",".000","3","10",".300",".273","2","2","1.000","4","7","11","1","0","0","0","1","8"
"380","Elfrid Payton",2018,3e+06,101869000,1,"23","TOT","63","63","1808","329","667",".493","30","92",".326","299","575",".520",".516","109","168",".649","64","210","274","393","83","22","168","147","797"
"381","Furkan Korkmaz",2017,1465920,99093000,2,"20","PHI","14","0","80","8","28",".286","5","17",".294","3","11",".273",".375","2","4",".500","2","9","11","4","2","1","2","12","23"
"382","Tyrone Wallace",2018,1349383,101869000,1,"23","LAC","30","19","851","110","247",".445","10","40",".250","100","207",".483",".466","61","78",".782","21","84","105","71","27","13","46","83","291"
"383","Antonio Blakeney",2018,1349383,101869000,2,"21","CHI","19","0","314","53","143",".371","15","52",".288","38","91",".418",".423","30","39",".769","4","29","33","20","7","1","11","19","151"
"384","Jabari Bird",2018,1349383,101869000,2,"23","BOS","13","1","115","15","26",".577","3","7",".429","12","19",".632",".635","6","13",".462","6","13","19","8","3","1","8","7","39"
"385","Spencer Dinwiddie",2016,726672,94143000,1,"22","DET","12","0","159","19","54",".352","1","10",".100","18","44",".409",".361","19","33",".576","4","13","17","22","3","0","7","20","58"
"386","Shaquille Harrison",2018,1325531,101869000,1,"24","PHO","23","2","384","59","124",".476","6","26",".231","53","98",".541",".500","28","38",".737","9","52","61","55","26","7","22","42","152"
"387","Wayne Selden",2017,1312611,99093000,2,"22","TOT","14","5","236","25","58",".431","7","28",".250","18","30",".600",".491","14","22",".636","1","15","16","13","6","1","12","18","71"
"388","Seth Curry",2017,2795000,99093000,1,"26","DAL","70","42","2029","338","703",".481","137","322",".425","201","381",".528",".578","85","100",".850","25","154","179","189","79","7","92","126","898"
"389","Alfonzo McKinnie",2018,1349383,101869000,3,"25","TOR","14","0","53","8","15",".533","3","9",".333","5","6",".833",".633","2","3",".667","1","6","7","1","1","1","3","8","21"
"390","Trey Burke",2017,784160,99093000,1,"24","WAS","57","0","703","116","255",".455","31","70",".443","85","185",".459",".516","22","29",".759","7","40","47","100","11","5","48","54","285"
"391","Dante Cunningham",2018,2487000,101869000,3,"30","TOT","73","25","1562","164","364",".451","58","168",".345","106","196",".541",".530","31","52",".596","78","220","298","48","39","30","33","111","417"
"393","Carmelo Anthony",2018,27928140,101869000,4,"33","OKC","78","78","2501","472","1168",".404","169","474",".357","303","694",".437",".476","148","193",".767","67","386","453","103","47","49","99","197","1261"
"394","Raymond Felton",2018,2393887,101869000,1,"33","OKC","82","2","1365","224","552",".406","81","230",".352","143","322",".444",".479","36","44",".818","25","131","156","203","49","16","76","91","565"
"395","Amir Johnson",2018,2393887,101869000,5,"30","PHI","74","18","1171","140","260",".538","10","32",".313","130","228",".570",".558","52","85",".612","123","207","330","118","45","44","55","192","342"
"396","Jamal Crawford",2018,4698113,101869000,2,"37","MIN","80","0","1653","308","742",".415","104","314",".331","204","428",".477",".485","102","113",".903","21","78","99","185","40","9","95","85","822"
"397","Zaza Pachulia",2018,2393887,101869000,5,"33","GSW","69","57","972","149","264",".564","0","1",".000","149","263",".567",".564","75","93",".806","89","232","321","109","38","17","72","122","373"
"398","Luol Deng",2018,16747954,101869000,3,"32","LAL","1","1","13","1","2",".500","0","0","","1","2",".500",".500","0","0","","0","0","0","1","1","0","1","0","2"
"399","Channing Frye",2018,2393887,101869000,5,"34","TOT","53","1","695","104","212",".491","39","115",".339","65","97",".670",".583","17","19",".895","12","123","135","38","18","13","21","69","264"
"400","Jeff Green",2018,2393887,101869000,4,"31","CLE","78","13","1828","295","618",".477","53","170",".312","242","448",".540",".520","203","234",".868","60","186","246","99","41","34","75","149","846"
"401","Jose Calderon",2018,2393887,101869000,1,"36","CLE","57","32","914","93","185",".503","45","97",".464","48","88",".545",".624","24","30",".800","14","70","84","117","27","2","41","81","255"
"402","Gerald Green",2018,1512601,101869000,2,"32","HOU","41","2","929","168","413",".407","110","298",".369","58","115",".504",".540","51","60",".850","15","118","133","25","24","15","31","87","497"
"403","JaVale McGee",2018,2393887,101869000,5,"30","GSW","65","17","615","136","219",".621","0","6",".000","136","213",".638",".621","38","52",".731","59","110","169","33","21","57","27","91","310"
"404","Derrick Rose",2018,2176260,101869000,1,"29","TOT","25","7","420","81","186",".435","7","30",".233","74","156",".474",".454","40","46",".870","13","22","35","37","7","4","35","16","209"
"405","Dwyane Wade",2018,2393887,101869000,2,"36","TOT","67","3","1536","299","682",".438","32","111",".288","267","571",".468",".462","135","189",".714","50","202","252","228","61","47","140","124","765"
"406","Vince Carter",2018,2393887,101869000,3,"41","SAC","58","5","1026","114","283",".403","57","165",".345","57","118",".483",".504","28","37",".757","18","130","148","69","42","26","36","96","313"
"407","Udonis Haslem",2018,2393887,101869000,5,"37","MIA","14","0","72","3","15",".200","1","8",".125","2","7",".286",".233","1","2",".500","3","7","10","5","0","2","2","3","8"
"408","Devin Harris",2018,2393887,101869000,1,"34","TOT","71","1","1340","187","454",".412","79","227",".348","108","227",".476",".499","142","170",".835","12","115","127","152","47","12","76","158","595"
"410","Ivan Rabb",2017,950000,99093000,4,"20","MEM","36","5","516","86","152",".566","0","0","","86","152",".566",".566","29","36",".806","53","105","158","32","12","13","35","55","201"
"417","Khem Birch",2017,815615,99093000,5,"25","ORL","42","0","578","68","126",".540","0","0","","68","126",".540",".540","42","61",".689","70","110","180","34","15","21","21","56","178"
"418","Jordan Bell",2017,815615,99093000,5,"23","GSW","57","13","809","116","185",".627","0","4",".000","116","181",".641",".627","30","44",".682","60","147","207","102","35","56","51","92","262"
"419","Tyler Dorsey",2017,815615,99093000,2,"21","ATL","56","5","974","144","382",".377","72","199",".362","72","183",".393",".471","45","63",".714","17","113","130","79","17","5","37","63","405"
"420","Thomas Bryant",2017,815615,99093000,5,"20","LAL","15","0","72","8","21",".381","1","10",".100","7","11",".636",".405","5","9",".556","3","14","17","6","1","2","2","6","22"
"421","Daniel Theis",2017,815615,99093000,5,"25","BOS","63","3","936","126","233",".541","18","58",".310","108","175",".617",".579","61","81",".753","90","184","274","56","30","48","56","157","331"
"422","Maxi Kleber",2017,815615,99093000,4,"26","DAL","72","36","1206","151","309",".489","40","128",".313","111","181",".613",".553","44","59",".746","71","163","234","51","26","47","30","114","386"
"423","Omri Casspi",2018,2176260,101869000,3,"29","GSW","53","7","740","120","207",".580","10","22",".455","110","185",".595",".604","50","69",".725","30","170","200","51","18","19","37","71","300"
"424","Jonas Jerebko",2018,2165481,101869000,4,"30","UTA","74","19","1134","159","341",".466","65","157",".414","94","184",".511",".562","46","57",".807","53","193","246","42","24","12","27","127","429"
"425","Greg Monroe",2018,2165481,101869000,5,"27","TOT","51","14","1040","218","386",".565","0","0","","218","386",".565",".565","88","119",".739","109","241","350","114","44","23","94","95","524"
"426","Quincy Pondexter",2018,2165481,101869000,3,"29","CHI","23","1","196","14","49",".286","3","22",".136","11","27",".407",".316","14","17",".824","8","19","27","9","8","2","11","24","45"
"427","Tyson Chandler",2018,13585000,101869000,5,"35","PHO","46","46","1151","121","187",".647","0","0","","121","187",".647",".647","58","93",".624","134","284","418","53","16","27","59","106","300"
"428","Shelvin Mack",2018,2512601,101869000,1,"27","ORL","69","3","1365","178","414",".430","48","139",".345","130","275",".473",".488","69","97",".711","23","143","166","272","54","8","89","91","473"
"429","Isaiah Thomas",2018,2029463,101869000,1,"28","TOT","32","15","862","157","421",".373","55","188",".293","102","233",".438",".438","117","131",".893","17","50","67","153","15","3","95","58","486"
"430","Wade Baldwin",2017,2254292,99093000,1,"20","MEM","33","1","405","36","115",".313","3","22",".136","33","93",".355",".326","31","37",".838","11","35","46","61","18","7","39","40","106"
"431","Ian Clark",2018,1757429,101869000,2,"26","NOP","74","2","1455","222","495",".448","62","195",".318","160","300",".533",".511","45","59",".763","10","117","127","110","33","10","57","120","551"
"432","Joakim Noah",2018,20261172,101869000,5,"32","NYK","7","0","40","5","10",".500","0","0","","5","10",".500",".500","2","4",".500","6","8","14","4","2","2","4","5","12"
"433","Noah Vonleh",2018,1621415,101869000,4,"22","TOT","54","16","875","104","234",".444","20","66",".303","84","168",".500",".487","36","58",".621","70","241","311","34","19","17","31","68","264"
"434","Tim Frazier",2018,1621415,101869000,1,"27","WAS","59","11","838","68","172",".395","17","56",".304","51","116",".440",".445","23","30",".767","18","97","115","194","47","7","57","97","176"
"435","Nik Stauskas",2018,1621415,101869000,2,"24","TOT","41","0","523","60","154",".390","40","100",".400","20","54",".370",".519","21","29",".724","4","60","64","39","9","4","26","24","181"
"436","Luke Kornet",2018,1619260,101869000,4,"22","NYK","20","1","326","49","125",".392","28","79",".354","21","46",".457",".504","8","11",".727","11","53","64","26","6","16","12","28","134"
"437","Kevon Looney",2018,1567007,101869000,5,"21","GSW","66","4","910","112","193",".580","1","5",".200","111","188",".590",".583","42","77",".545","83","132","215","42","34","56","31","106","267"
"438","Jahlil Okafor",2018,1567007,101869000,5,"22","TOT","28","0","353","77","138",".558","1","4",".250","76","134",".567",".562","21","29",".724","21","64","85","12","3","18","21","51","176"
"439","Salah Mejri",2018,1564007,101869000,5,"31","DAL","61","1","729","88","137",".642","0","3",".000","88","134",".657",".642","38","66",".576","85","161","246","35","22","67","39","121","214"
"440","Quinn Cook",2017,189832,99093000,1,"23","TOT","14","0","188","33","66",".500","11","26",".423","22","40",".550",".583","2","5",".400","1","6","7","26","4","0","13","13","79"
"441","David Nwaba",2018,1512601,101869000,2,"25","CHI","70","21","1646","202","423",".478","18","52",".346","184","371",".496",".499","133","203",".655","89","237","326","104","59","29","77","158","555"
"442","Ryan Arcidiacono",2018,1349383,101869000,1,"23","CHI","24","0","304","17","41",".415","9","31",".290","8","10",".800",".524","5","6",".833","1","24","25","35","13","0","13","18","48"
"443","Daniel Hamilton",2018,1349383,101869000,2,"22","OKC","6","0","28","5","11",".455","2","5",".400","3","6",".500",".545","0","0","","0","5","5","8","1","0","2","2","12"
"444","Austin Rivers",2018,13805323,101869000,2,"25","LAC","61","59","2057","341","805",".424","136","360",".378","205","445",".461",".508","102","159",".642","27","118","145","242","74","16","109","152","920"
"445","Kenneth Faried",2018,13314045,101869000,4,"28","DEN","32","7","461","76","148",".514","0","1",".000","76","147",".517",".514","36","51",".706","68","85","153","18","12","13","23","51","188"
"446","Chasson Randle",2017,975824,99093000,1,"23","TOT","26","0","299","40","98",".408","16","47",".340","24","51",".471",".490","41","43",".953","6","26","32","34","9","2","19","39","137"
"448","Patrick McCaw",2018,964104,101869000,2,"22","GSW","57","10","961","92","225",".409","19","80",".238","73","145",".503",".451","26","34",".765","16","66","82","81","43","10","41","67","229"
"449","Andre Ingram",2017,46079,99093000,2,"32","LAL","2","0","64","8","17",".471","5","9",".556","3","8",".375",".618","3","3","1.000","1","5","6","7","3","3","3","3","24"
